cost,brand,model_name,modelDate,mileage,bodyType,color,engineDisplacement,enginePower,fuelType,vehicleTransmission,drive,wheel,state,ownersCount,pts,customs
25200000,audi,920,1938,10000,седан,чёрный,3.3,75,Бензин,механическая,задний,Левый,Не требует ремонта,1 владелец,Оригинал,Растаможен
4444444,bmw,m1,2011,58950,купе,белый,3.0,340,Бензин,механическая,задний,Левый,Не требует ремонта,3 или более,Оригинал,Растаможен
2500000,bmw,z1,1990,190000,родстер,чёрный,2.5,170,Бензин,механическая,задний,Левый,Не требует ремонта,2 владельца,Оригинал,Растаможен
3500000,bmw,02,1971,22368,седан 2 дв.,голубой,1.6,105,Бензин,механическая,задний,Левый,Не требует ремонта,3 или более,Дубликат,Растаможен
400000,bmw,340,1949,275000,седан,чёрный,2.0,51,Бензин,механическая,задний,Левый,Не требует ремонта,3 или более,Оригинал,Растаможен
500000,bmw,340,1951,20000,седан,чёрный,2.0,51,Бензин,механическая,задний,Левый,Не требует ремонта,1 владелец,Оригинал,Растаможен
12000000,bmw,340,1950,44567,седан,чёрный,2.0,51,Бензин,механическая,задний,Левый,Не требует ремонта,1 владелец,Дубликат,Растаможен
900000,bmw,340,1952,30000,седан,красный,2.0,51,Бензин,механическая,задний,Левый,Не требует ремонта,2 владельца,Оригинал,Растаможен
1900000,bmw,340,1950,58000,седан,красный,2.0,51,Бензин,механическая,задний,Левый,Не требует ремонта,1 владелец,Оригинал,Растаможен
1700000,bmw,340,1953,88000,седан,чёрный,2.0,51,Бензин,механическая,задний,Левый,Не требует ремонта,2 владельца,Оригинал,Растаможен
2500000,bmw,z3m,2000,69000,родстер,красный,3.2,321,Бензин,механическая,задний,Левый,Не требует ремонта,2 владельца,Оригинал,Растаможен
3000000,bmw,326,1942,999000,седан,бежевый,2.0,51,Бензин,механическая,задний,Левый,Не требует ремонта,1 владелец,Оригинал,Растаможен
260000,nissan,quest,1996,320000,минивэн,зелёный,3.0,151,Бензин,автоматическая,передний,Левый,Не требует ремонта,3 или более,Оригинал,Растаможен
1850000,nissan,quest,2012,60000,минивэн,белый,3.5,260,Бензин,вариатор,передний,Левый,Не требует ремонта,2 владельца,Оригинал,Растаможен
800000,nissan,fairlady_z,1990,7777,купе,белый,3.0,280,Бензин,механическая,задний,Правый,Не требует ремонта,2 владельца,Оригинал,Растаможен
1000000,nissan,fairlady_z,2002,107000,купе,оранжевый,3.5,280,Бензин,механическая,задний,Правый,Не требует ремонта,3 или более,Дубликат,Растаможен
1350000,nissan,fairlady_z,1996,130000,родстер,серебристый,3.0,230,Бензин,автоматическая,задний,Правый,Не требует ремонта,3 или более,Оригинал,Растаможен
1999999,nissan,fairlady_z,2004,185000,купе,жёлтый,3.5,280,Бензин,автоматическая,задний,Правый,Не требует ремонта,3 или более,Оригинал,Растаможен
1200000,nissan,fairlady_z,2002,150000,купе,серый,3.5,280,Бензин,механическая,задний,Правый,Не требует ремонта,3 или более,Оригинал,Растаможен
1180000,nissan,350z,2003,250000,купе,чёрный,3.5,280,Бензин,механическая,задний,Левый,Не требует ремонта,3 или более,Дубликат,Растаможен
1205000,nissan,350z,2002,170000,купе,чёрный,3.5,280,Бензин,автоматическая,задний,Левый,Не требует ремонта,3 или более,Дубликат,Растаможен
880000,nissan,350z,2007,137000,купе,голубой,3.5,313,Бензин,механическая,задний,Левый,Не требует ремонта,2 владельца,Оригинал,Растаможен
1500000,nissan,350z,2007,70000,купе,красный,3.5,313,Бензин,механическая,задний,Левый,Не требует ремонта,3 или более,Дубликат,Растаможен
1340000,nissan,350z,2005,89000,купе,серый,3.5,280,Бензин,автоматическая,задний,Левый,Не требует ремонта,3 или более,Оригинал,Растаможен
1000000,nissan,300zx,1990,150000,купе,чёрный,3.0,268,Бензин,автоматическая,задний,Левый,Не требует ремонта,1 владелец,Оригинал,Растаможен
1000000,nissan,300zx,1985,350000,купе,серебристый,3.0,170,Бензин,механическая,задний,Левый,Не требует ремонта,3 или более,Дубликат,Растаможен
1900000,nissan,president,1979,93600,седан,чёрный,4.4,200,Бензин,автоматическая,задний,Правый,Не требует ремонта,2 владельца,Оригинал,Растаможен
545000,nissan,president,1993,197350,седан,чёрный,4.5,270,Бензин,автоматическая,задний,Левый,Не требует ремонта,3 или более,Оригинал,Растаможен
660000,nissan,president,1979,200000,седан,чёрный,4.4,200,Бензин,автоматическая,задний,Правый,Не требует ремонта,2 владельца,Дубликат,Растаможен
160000,nissan,pulsar,1998,31625,хэтчбек 5 дв.,чёрный,1.5,105,Бензин,автоматическая,передний,Правый,Не требует ремонта,3 или более,Оригинал,Растаможен
145000,nissan,pulsar,1998,337308,хэтчбек 3 дв.,синий,1.5,105,Бензин,автоматическая,передний,Правый,Не требует ремонта,3 или более,Оригинал,Растаможен
150000,nissan,pulsar,2000,270000,седан,серебристый,1.5,105,Бензин,автоматическая,передний,Правый,Не требует ремонта,2 владельца,Оригинал,Растаможен
156555,nissan,pulsar,1999,228350,седан,пурпурный,1.5,105,Бензин,автоматическая,передний,Правый,Не требует ремонта,2 владельца,Дубликат,Растаможен
110000,nissan,pulsar,1997,245207,хэтчбек 5 дв.,серый,1.5,105,Бензин,автоматическая,передний,Правый,Не требует ремонта,3 или более,Оригинал,Растаможен
50000,nissan,pulsar,1998,176000,седан,серебристый,1.5,105,Бензин,автоматическая,передний,Правый,Не требует ремонта,3 или более,Дубликат,Растаможен
65000,nissan,pulsar,1999,230000,хэтчбек 5 дв.,белый,1.5,105,Бензин,автоматическая,передний,Правый,Не требует ремонта,3 или более,Оригинал,Растаможен
175000,nissan,pulsar,1997,100000,хэтчбек 5 дв.,синий,1.5,105,Бензин,автоматическая,передний,Правый,Не требует ремонта,3 или более,Дубликат,Растаможен
70000,nissan,pulsar,1996,300000,седан,серый,1.5,105,Бензин,автоматическая,передний,Правый,Не требует ремонта,3 или более,Дубликат,Растаможен
90000,nissan,pulsar,2000,250000,седан,серый,1.5,105,Бензин,автоматическая,передний,Правый,Не требует ремонта,3 или более,Дубликат,Растаможен
60000,nissan,pulsar,1998,216000,седан,синий,1.5,105,Бензин,автоматическая,передний,Правый,Не требует ремонта,3 или более,Оригинал,Растаможен
140000,nissan,pulsar,1996,290000,хэтчбек 5 дв.,красный,1.5,105,Бензин,автоматическая,передний,Правый,Не требует ремонта,3 или более,Оригинал,Растаможен
230000,nissan,pulsar,2000,236000,хэтчбек 5 дв.,чёрный,1.6,175,Бензин,механическая,передний,Правый,Не требует ремонта,3 или более,Оригинал,Растаможен
101000,nissan,pulsar,1999,292000,седан,серебристый,1.5,105,Бензин,механическая,передний,Правый,Не требует ремонта,3 или более,Оригинал,Растаможен
60000,nissan,pulsar,1986,267908,хэтчбек 5 дв.,белый,1.5,97,Бензин,механическая,полный,Правый,Не требует ремонта,2 владельца,Оригинал,Растаможен
200000,nissan,pulsar,1999,190000,седан,серый,1.5,105,Бензин,автоматическая,передний,Правый,Не требует ремонта,2 владельца,Дубликат,Растаможен
150000,nissan,pulsar,1998,545405,седан,серебристый,1.5,105,Бензин,автоматическая,полный,Правый,Не требует ремонта,1 владелец,Оригинал,Растаможен
100000,nissan,pulsar,1998,401000,седан,белый,1.5,105,Бензин,автоматическая,полный,Правый,Не требует ремонта,3 или более,Дубликат,Растаможен
85000,nissan,pulsar,1997,299999,седан,белый,1.5,105,Бензин,автоматическая,передний,Левый,Не требует ремонта,3 или более,Дубликат,Растаможен
170000,nissan,pulsar,2000,296000,седан,белый,1.5,105,Бензин,автоматическая,передний,Правый,Не требует ремонта,3 или более,Оригинал,Растаможен
65000,nissan,pulsar,1999,100000,седан,белый,2.0,76,Дизель,автоматическая,передний,Правый,Не требует ремонта,2 владельца,Дубликат,Растаможен
150000,nissan,pulsar,1998,170000,седан,серебристый,1.5,105,Бензин,механическая,передний,Правый,Не требует ремонта,2 владельца,Оригинал,Растаможен
95000,nissan,pulsar,1998,189000,седан,серебристый,1.5,105,Бензин,автоматическая,передний,Правый,Не требует ремонта,2 владельца,Оригинал,Растаможен
145000,nissan,pulsar,1999,430000,хэтчбек 5 дв.,белый,1.5,105,Бензин,автоматическая,полный,Правый,Не требует ремонта,3 или более,Дубликат,Растаможен
140000,nissan,pulsar,1998,200000,седан,белый,1.5,105,Бензин,автоматическая,передний,Правый,Не требует ремонта,2 владельца,Оригинал,Растаможен
200000,nissan,pulsar,1996,310000,седан,белый,1.5,105,Бензин,автоматическая,передний,Правый,Не требует ремонта,3 или более,Оригинал,Растаможен
67000,nissan,pulsar,1999,160000,седан,синий,1.5,105,Бензин,автоматическая,передний,Правый,Не требует ремонта,1 владелец,Оригинал,Растаможен
69263,nissan,pulsar,1998,389756,седан,серый,1.5,105,Бензин,автоматическая,передний,Правый,Не требует ремонта,3 или более,Дубликат,Растаможен
120000,nissan,pulsar,1996,280000,хэтчбек 5 дв.,чёрный,1.5,105,Бензин,автоматическая,полный,Правый,Не требует ремонта,2 владельца,Оригинал,Растаможен
100000,nissan,pulsar,1998,200000,седан,белый,1.6,120,Бензин,автоматическая,передний,Правый,Не требует ремонта,3 или более,Оригинал,Растаможен
130000,nissan,pulsar,2000,150000,седан,серебристый,1.5,105,Бензин,автоматическая,передний,Правый,Не требует ремонта,3 или более,Дубликат,Растаможен
120000,nissan,pulsar,1999,247313,седан,серебристый,1.5,105,Бензин,автоматическая,передний,Правый,Не требует ремонта,3 или более,Оригинал,Растаможен
350000,nissan,pulsar,1998,200000,седан,белый,1.5,105,Бензин,автоматическая,передний,Правый,Не требует ремонта,3 или более,Оригинал,Растаможен
65000,nissan,pulsar,1992,250000,седан,белый,1.5,94,Бензин,механическая,передний,Правый,Не требует ремонта,3 или более,Дубликат,Растаможен
130000,nissan,pulsar,1999,217314,седан,серый,1.5,105,Бензин,механическая,передний,Правый,Не требует ремонта,3 или более,Дубликат,Растаможен
140000,nissan,pulsar,1998,280000,седан,красный,1.5,105,Бензин,автоматическая,передний,Правый,Не требует ремонта,3 или более,Оригинал,Растаможен
210000,nissan,pulsar,1998,1000,хэтчбек 5 дв.,серый,1.5,105,Бензин,автоматическая,передний,Правый,Не требует ремонта,2 владельца,Дубликат,Растаможен
70000,nissan,pulsar,1996,300000,седан,серый,1.5,105,Бензин,автоматическая,передний,Правый,Не требует ремонта,3 или более,Дубликат,Растаможен
135000,nissan,pulsar,1998,380000,хэтчбек 5 дв.,красный,1.5,105,Бензин,автоматическая,передний,Правый,Не требует ремонта,1 владелец,Оригинал,Растаможен
170000,nissan,pulsar,1999,250000,седан,серый,1.5,105,Бензин,автоматическая,передний,Правый,Не требует ремонта,3 или более,Оригинал,Растаможен
130000,nissan,pulsar,1999,217314,седан,серый,1.5,105,Бензин,механическая,передний,Правый,Не требует ремонта,3 или более,Дубликат,Растаможен
101000,nissan,pulsar,1999,292000,седан,серебристый,1.5,105,Бензин,механическая,передний,Правый,Не требует ремонта,3 или более,Оригинал,Растаможен
85000,nissan,pulsar,1997,299999,седан,белый,1.5,105,Бензин,автоматическая,передний,Левый,Не требует ремонта,3 или более,Дубликат,Растаможен
95000,nissan,pulsar,1998,189000,седан,серебристый,1.5,105,Бензин,автоматическая,передний,Правый,Не требует ремонта,2 владельца,Оригинал,Растаможен
160000,nissan,pulsar,1999,340000,седан,серый,1.5,105,Бензин,автоматическая,передний,Правый,Не требует ремонта,3 или более,Оригинал,Растаможен
70000,nissan,pulsar,1993,300000,седан,синий,1.3,79,Бензин,механическая,передний,Правый,Не требует ремонта,3 или более,Оригинал,Растаможен
120000,nissan,pulsar,1999,247313,седан,серебристый,1.5,105,Бензин,автоматическая,передний,Правый,Не требует ремонта,3 или более,Оригинал,Растаможен
65000,nissan,pulsar,1992,250000,седан,белый,1.5,94,Бензин,механическая,передний,Правый,Не требует ремонта,3 или более,Дубликат,Растаможен
140000,nissan,pulsar,1998,300000,седан,серый,1.5,105,Бензин,автоматическая,передний,Правый,Не требует ремонта,1 владелец,Дубликат,Растаможен
250000,nissan,pulsar,1999,205000,седан,белый,1.5,105,Бензин,автоматическая,передний,Правый,Не требует ремонта,1 владелец,Дубликат,Растаможен
195000,nissan,pulsar,2000,260000,седан,синий,1.5,105,Бензин,автоматическая,передний,Правый,Не требует ремонта,3 или более,Оригинал,Растаможен
250000,nissan,pulsar,2000,110000,седан,чёрный,1.6,175,Бензин,механическая,передний,Правый,Не требует ремонта,3 или более,Оригинал,Растаможен
570000,nissan,fuga,2005,250000,седан,серый,3.5,283,Бензин,автоматическая,полный,Правый,Не требует ремонта,3 или более,Оригинал,Растаможен
560000,nissan,fuga,2005,170000,седан,серый,3.5,283,Бензин,автоматическая,полный,Правый,Не требует ремонта,2 владельца,Оригинал,Растаможен
540000,nissan,fuga,2012,230000,седан,белый,2.5,223,Бензин,автоматическая,задний,Правый,Не требует ремонта,1 владелец,Оригинал,Растаможен
645000,nissan,fuga,2012,180000,седан,чёрный,3.5,300,Бензин,автоматическая,полный,Правый,Не требует ремонта,1 владелец,Оригинал,Растаможен
430999,nissan,fuga,2008,105000,седан,серый,2.5,210,Бензин,автоматическая,задний,Правый,Не требует ремонта,1 владелец,Оригинал,Растаможен
430000,nissan,fuga,2005,220000,седан,белый,3.5,283,Бензин,автоматическая,полный,Правый,Не требует ремонта,1 владелец,Оригинал,Растаможен
630000,nissan,fuga,2010,154000,седан,чёрный,3.7,333,Бензин,автоматическая,задний,Правый,Не требует ремонта,1 владелец,Оригинал,Растаможен
1300000,nissan,fuga,2018,45777,седан,белый,3.5,300,Бензин,автоматическая,задний,Правый,Не требует ремонта,1 владелец,Оригинал,Растаможен
1355000,nissan,fuga,2013,120000,седан,серый,2.5,223,Бензин,автоматическая,задний,Правый,Не требует ремонта,2 владельца,Оригинал,Растаможен
115000,nissan,100nx,1992,264652,тарга,красный,1.6,90,Бензин,механическая,передний,Левый,Не требует ремонта,3 или более,Дубликат,Растаможен
"325000,nissan,cedric,1996,204591,седан,серый,3.0,160,""Бензин,газобаллонноеоборудование"",автоматическая,задний,Правый,Не требует ремонта,3 или более,Дубликат,Растаможен"
250000,nissan,cedric,1999,340000,седан,чёрный,2.0,125,Бензин,автоматическая,задний,Правый,Не требует ремонта,3 или более,Дубликат,Растаможен
4500000,nissan,cedric,1985,80000,седан,чёрный,3.0,230,Бензин,автоматическая,задний,Правый,Не требует ремонта,1 владелец,Оригинал,Растаможен
350000,nissan,cedric,2000,260000,седан,серебристый,3.0,240,Бензин,автоматическая,задний,Правый,Не требует ремонта,2 владельца,Оригинал,Растаможен
650000,nissan,cedric,2003,200000,седан,серебристый,3.0,280,Бензин,автоматическая,задний,Правый,Не требует ремонта,2 владельца,Оригинал,Растаможен
650000,nissan,cedric,2001,159000,седан,серый,2.5,210,Бензин,автоматическая,задний,Правый,Не требует ремонта,2 владельца,Дубликат,Растаможен
615000,nissan,cedric,2000,315300,седан,белый,2.5,210,Бензин,автоматическая,задний,Правый,Не требует ремонта,3 или более,Оригинал,Растаможен
"700000,nissan,cedric,1999,155100,седан,белый,2.5,260,""Бензин,газобаллонноеоборудование"",автоматическая,полный,Правый,Не требует ремонта,1 владелец,Оригинал,Растаможен"
575000,nissan,cedric,2003,240035,седан,белый,2.5,210,Бензин,автоматическая,задний,Правый,Не требует ремонта,3 или более,Дубликат,Растаможен
275000,nissan,cedric,2001,165000,седан,серый,2.5,210,Бензин,автоматическая,задний,Правый,Не требует ремонта,3 или более,Оригинал,Растаможен
590000,nissan,cedric,2003,185000,седан,белый,2.5,210,Бензин,автоматическая,задний,Правый,Не требует ремонта,3 или более,Дубликат,Растаможен
65000,nissan,cedric,1994,300000,седан,чёрный,2.0,125,Бензин,автоматическая,задний,Правый,Не требует ремонта,3 или более,Дубликат,Растаможен
650000,nissan,cedric,2003,200000,седан,синий,3.0,280,Бензин,автоматическая,задний,Правый,Не требует ремонта,2 владельца,Оригинал,Растаможен
630000,nissan,cedric,2003,185000,седан,синий,2.5,210,Бензин,автоматическая,задний,Правый,Не требует ремонта,3 или более,Оригинал,Растаможен
180000,nissan,cedric,1996,241000,седан,белый,2.0,125,Бензин,автоматическая,задний,Правый,Не требует ремонта,3 или более,Дубликат,Растаможен
160000,nissan,cedric,1986,240047,седан,чёрный,2.0,130,Бензин,механическая,задний,Правый,Не требует ремонта,3 или более,Оригинал,Растаможен
500000,nissan,cedric,1999,231000,седан,серый,3.0,280,Бензин,автоматическая,задний,Правый,Не требует ремонта,3 или более,Оригинал,Растаможен
610000,nissan,cedric,2003,201000,седан,серебристый,2.5,210,Бензин,автоматическая,задний,Правый,Не требует ремонта,3 или более,Дубликат,Растаможен
650000,nissan,cedric,2002,220000,седан,чёрный,2.5,210,Бензин,автоматическая,задний,Правый,Не требует ремонта,3 или более,Оригинал,Растаможен
355000,nissan,cedric,2001,147000,седан,серый,2.5,210,Бензин,автоматическая,задний,Правый,Не требует ремонта,3 или более,Оригинал,Растаможен
330000,nissan,cedric,2000,290000,седан,чёрный,2.0,125,Бензин,автоматическая,задний,Правый,Не требует ремонта,3 или более,Оригинал,Растаможен
600000,nissan,cedric,2003,330000,седан,синий,3.0,240,Бензин,автоматическая,задний,Правый,Не требует ремонта,3 или более,Дубликат,Растаможен
135000,nissan,cedric,1986,800541,седан,чёрный,2.0,180,Бензин,механическая,задний,Правый,Не требует ремонта,3 или более,Оригинал,Растаможен
600000,nissan,cedric,1999,350000,седан,серый,2.5,210,Бензин,автоматическая,задний,Правый,Не требует ремонта,3 или более,Дубликат,Растаможен
650000,nissan,cedric,2002,233113,седан,синий,2.5,210,Бензин,автоматическая,задний,Правый,Не требует ремонта,3 или более,Дубликат,Растаможен
580000,nissan,cedric,2000,320000,седан,чёрный,2.5,210,Бензин,автоматическая,задний,Правый,Не требует ремонта,3 или более,Оригинал,Растаможен
370000,nissan,cedric,1993,330000,седан,чёрный,3.0,200,Бензин,автоматическая,задний,Правый,Не требует ремонта,3 или более,Дубликат,Растаможен
300000,nissan,cedric,1997,245000,седан,серебристый,2.0,125,Бензин,автоматическая,задний,Правый,Не требует ремонта,3 или более,Дубликат,Растаможен
450000,nissan,cedric,2000,300000,седан,белый,3.0,280,Бензин,автоматическая,задний,Правый,Не требует ремонта,3 или более,Оригинал,Растаможен
160000,nissan,cedric,1985,215000,седан,белый,2.0,180,Бензин,автоматическая,задний,Правый,Не требует ремонта,3 или более,Дубликат,Растаможен
525000,nissan,cedric,2000,305600,седан,чёрный,2.5,210,Бензин,автоматическая,задний,Правый,Не требует ремонта,3 или более,Дубликат,Растаможен
130000,nissan,cedric,2001,555555,седан,синий,2.0,125,Бензин,автоматическая,задний,Правый,Не требует ремонта,3 или более,Оригинал,Растаможен
600000,nissan,cedric,2001,200000,седан,серый,2.5,260,Бензин,автоматическая,полный,Правый,Не требует ремонта,3 или более,Оригинал,Растаможен
250000,nissan,cedric,1988,150000,седан,зелёный,2.8,94,Дизель,автоматическая,задний,Правый,Не требует ремонта,3 или более,Оригинал,Растаможен
250000,nissan,cedric,1986,120371,седан,белый,2.0,130,Бензин,автоматическая,задний,Правый,Не требует ремонта,1 владелец,Оригинал,Растаможен
260000,nissan,cedric,1990,400000,седан,чёрный,2.0,125,Бензин,автоматическая,задний,Правый,Не требует ремонта,3 или более,Оригинал,Растаможен
280000,nissan,cedric,1996,284000,седан,чёрный,2.0,125,Бензин,автоматическая,задний,Правый,Не требует ремонта,3 или более,Дубликат,Растаможен
650000,nissan,cedric,2002,233113,седан,синий,2.5,210,Бензин,автоматическая,задний,Правый,Не требует ремонта,3 или более,Дубликат,Растаможен
525000,nissan,cedric,2000,305600,седан,чёрный,2.5,210,Бензин,автоматическая,задний,Правый,Не требует ремонта,3 или более,Дубликат,Растаможен
650000,nissan,cedric,2003,252000,седан,синий,2.5,210,Бензин,автоматическая,задний,Правый,Не требует ремонта,3 или более,Дубликат,Растаможен
300000,nissan,cedric,1996,410000,седан,белый,2.0,125,Бензин,автоматическая,задний,Правый,Не требует ремонта,2 владельца,Дубликат,Растаможен
450000,nissan,cedric,2000,300000,седан,белый,3.0,280,Бензин,автоматическая,задний,Правый,Не требует ремонта,3 или более,Оригинал,Растаможен
130000,nissan,cedric,1986,273910,седан,чёрный,3.0,230,Бензин,автоматическая,задний,Правый,Не требует ремонта,3 или более,Оригинал,Растаможен
250000,nissan,cedric,2000,250000,седан,синий,2.0,125,Бензин,автоматическая,задний,Правый,Не требует ремонта,3 или более,Оригинал,Растаможен
100000,nissan,cedric,1990,350000,седан,серый,2.0,125,Бензин,автоматическая,задний,Правый,Не требует ремонта,3 или более,Оригинал,Растаможен
520000,nissan,cedric,2002,291800,седан,серый,2.5,210,Бензин,автоматическая,задний,Правый,Не требует ремонта,3 или более,Оригинал,Растаможен
499000,nissan,cedric,1999,295000,седан,серый,2.5,260,Бензин,автоматическая,полный,Правый,Не требует ремонта,3 или более,Оригинал,Растаможен
200000,nissan,cedric,1984,100000,седан,синий,2.8,100,Дизель,механическая,задний,Правый,Не требует ремонта,3 или более,Оригинал,Растаможен
615000,nissan,cedric,2003,196000,седан,чёрный,2.5,210,Бензин,автоматическая,задний,Правый,Не требует ремонта,3 или более,Дубликат,Растаможен
100000,nissan,cedric,1994,397564,седан,серебристый,2.0,125,Бензин,автоматическая,задний,Правый,Не требует ремонта,3 или более,Оригинал,Растаможен
135000,nissan,cedric,1989,250000,седан,белый,2.0,210,Бензин,автоматическая,задний,Правый,Не требует ремонта,3 или более,Оригинал,Растаможен
595000,nissan,cedric,1999,312000,седан,бежевый,2.5,260,Бензин,автоматическая,полный,Правый,Не требует ремонта,3 или более,Оригинал,Растаможен
300000,nissan,cedric,1984,230000,седан,серый,2.0,180,Бензин,автоматическая,задний,Правый,Не требует ремонта,3 или более,Дубликат,Растаможен
400000,nissan,cedric,2002,228000,седан,чёрный,2.5,260,Бензин,автоматическая,полный,Правый,Не требует ремонта,3 или более,Оригинал,Растаможен
300000,nissan,cedric,1999,220000,седан,чёрный,3.0,270,Бензин,автоматическая,задний,Правый,Не требует ремонта,3 или более,Дубликат,Растаможен
425000,nissan,cedric,2001,240000,седан,серый,2.5,210,Бензин,автоматическая,задний,Правый,Не требует ремонта,3 или более,Дубликат,Растаможен
350000,nissan,cedric,1999,255324,седан,белый,2.5,210,Бензин,автоматическая,задний,Правый,Не требует ремонта,3 или более,Оригинал,Растаможен
570000,nissan,cedric,1999,330000,седан,серый,2.5,260,Бензин,автоматическая,полный,Правый,Не требует ремонта,3 или более,Дубликат,Растаможен
425000,nissan,cedric,2003,250000,седан,синий,2.5,260,Бензин,автоматическая,полный,Правый,Не требует ремонта,3 или более,Оригинал,Растаможен
340000,nissan,cedric,2002,385000,седан,чёрный,2.0,125,Бензин,автоматическая,задний,Правый,Не требует ремонта,3 или более,Дубликат,Растаможен
300000,nissan,cedric,2000,179000,седан,белый,2.5,210,Бензин,автоматическая,задний,Правый,Не требует ремонта,3 или более,Оригинал,Растаможен
310000,nissan,cedric,1996,390000,седан,белый,2.0,125,Бензин,автоматическая,задний,Правый,Не требует ремонта,3 или более,Оригинал,Растаможен
"700000,nissan,cedric,2000,135000,седан,белый,3.0,160,""Бензин,газобаллонноеоборудование"",автоматическая,задний,Правый,Не требует ремонта,3 или более,Дубликат,Растаможен"
98000,nissan,cedric,1989,190852,седан,белый,2.0,125,Бензин,автоматическая,задний,Правый,Не требует ремонта,3 или более,Дубликат,Растаможен
450000,nissan,cedric,2002,208389,седан,белый,2.5,210,Бензин,автоматическая,задний,Правый,Не требует ремонта,3 или более,Дубликат,Растаможен
350000,nissan,bassara,2000,46000,минивэн,белый,2.4,150,Бензин,автоматическая,передний,Правый,Не требует ремонта,3 или более,Оригинал,Растаможен
399000,nissan,bassara,2000,190000,минивэн,серый,2.4,150,Бензин,автоматическая,полный,Правый,Не требует ремонта,3 или более,Оригинал,Растаможен
450000,nissan,bassara,2001,220000,минивэн,белый,2.4,150,Бензин,автоматическая,передний,Правый,Не требует ремонта,2 владельца,Оригинал,Растаможен
460000,nissan,bassara,1999,263000,минивэн,серебристый,2.5,150,Дизель,автоматическая,передний,Правый,Не требует ремонта,2 владельца,Оригинал,Растаможен
350000,nissan,bassara,2001,370000,минивэн,серебристый,2.4,150,Бензин,автоматическая,передний,Правый,Не требует ремонта,2 владельца,Оригинал,Растаможен
350000,nissan,bassara,2000,368000,минивэн,чёрный,2.5,150,Дизель,автоматическая,передний,Правый,Не требует ремонта,1 владелец,Оригинал,Растаможен
"280000,nissan,bassara,1999,273000,минивэн,серебристый,2.4,150,""Бензин,газобаллонноеоборудование"",автоматическая,передний,Правый,Не требует ремонта,2 владельца,Оригинал,Растаможен"
"300000,nissan,bassara,2000,432690,минивэн,серый,2.4,150,""Бензин,газобаллонноеоборудование"",автоматическая,полный,Правый,Не требует ремонта,3 или более,Оригинал,Растаможен"
400000,nissan,bassara,1999,180000,минивэн,серый,2.4,150,Бензин,автоматическая,передний,Правый,Не требует ремонта,2 владельца,Оригинал,Растаможен
530000,nissan,bassara,2002,233435,минивэн,золотистый,2.5,165,Бензин,автоматическая,передний,Правый,Не требует ремонта,3 или более,Дубликат,Растаможен
520000,nissan,bassara,2000,369000,минивэн,серый,2.4,150,Бензин,автоматическая,полный,Правый,Не требует ремонта,3 или более,Дубликат,Растаможен
368000,nissan,bassara,2002,165000,минивэн,белый,2.5,165,Бензин,автоматическая,полный,Правый,Не требует ремонта,1 владелец,Оригинал,Растаможен
350000,nissan,bassara,1999,287000,минивэн,серый,2.4,150,Бензин,автоматическая,передний,Правый,Не требует ремонта,3 или более,Оригинал,Растаможен
580000,nissan,bassara,2001,430000,минивэн,чёрный,2.4,150,Бензин,автоматическая,передний,Правый,Не требует ремонта,3 или более,Оригинал,Растаможен
510000,nissan,bassara,2002,158000,минивэн,серебристый,2.5,165,Бензин,автоматическая,передний,Правый,Не требует ремонта,3 или более,Дубликат,Растаможен
500000,nissan,bassara,2000,270000,минивэн,белый,2.5,150,Дизель,автоматическая,полный,Правый,Не требует ремонта,3 или более,Оригинал,Растаможен
515000,nissan,bassara,2001,200000,минивэн,белый,2.4,150,Бензин,автоматическая,передний,Правый,Не требует ремонта,3 или более,Оригинал,Растаможен
350000,nissan,bassara,2001,339000,минивэн,серый,2.4,150,Бензин,автоматическая,передний,Правый,Не требует ремонта,3 или более,Дубликат,Растаможен
320000,nissan,bassara,2000,320000,минивэн,серый,2.5,150,Дизель,автоматическая,передний,Правый,Не требует ремонта,2 владельца,Оригинал,Растаможен
455000,nissan,bassara,2000,354000,минивэн,серый,2.4,150,Бензин,автоматическая,полный,Правый,Не требует ремонта,3 или более,Оригинал,Растаможен
300000,nissan,bassara,2000,194000,минивэн,серый,2.4,150,Бензин,автоматическая,передний,Правый,Не требует ремонта,3 или более,Оригинал,Растаможен
570000,nissan,bassara,2001,350000,минивэн,белый,2.4,150,Бензин,автоматическая,передний,Правый,Не требует ремонта,3 или более,Оригинал,Растаможен
480000,nissan,bassara,2000,264800,минивэн,белый,2.4,150,Бензин,автоматическая,полный,Правый,Не требует ремонта,3 или более,Дубликат,Растаможен
505000,nissan,bassara,2002,186200,минивэн,фиолетовый,2.5,165,Бензин,автоматическая,передний,Правый,Не требует ремонта,3 или более,Оригинал,Растаможен
520000,nissan,bassara,2000,342000,минивэн,белый,2.5,150,Дизель,автоматическая,передний,Правый,Не требует ремонта,3 или более,Оригинал,Растаможен
"470000,nissan,bassara,2000,175000,минивэн,серый,2.4,150,""Бензин,газобаллонноеоборудование"",автоматическая,передний,Правый,Не требует ремонта,3 или более,Оригинал,Растаможен"
500000,nissan,bassara,2000,375000,минивэн,белый,2.5,150,Дизель,автоматическая,передний,Правый,Не требует ремонта,3 или более,Оригинал,Растаможен
3600000,nissan,200sx,1997,250000,купе,зелёный,2.0,200,Бензин,механическая,задний,Левый,Не требует ремонта,3 или более,Оригинал,Растаможен
750000,nissan,200sx,1989,200000,купе,красный,1.8,169,Бензин,механическая,задний,Левый,Не требует ремонта,3 или более,Оригинал,Растаможен
950000,nissan,200sx,1991,180000,купе,красный,1.8,169,Бензин,механическая,задний,Левый,Не требует ремонта,3 или более,Дубликат,Растаможен
400000,nissan,kix,2009,79000,внедорожник 3 дв.,серебристый,0.7,64,Бензин,автоматическая,полный,Правый,Не требует ремонта,2 владельца,Оригинал,Растаможен
280000,nissan,kix,2010,78000,внедорожник 3 дв.,серый,0.7,64,Бензин,автоматическая,полный,Правый,Не требует ремонта,2 владельца,Оригинал,Растаможен
500000,nissan,kix,2011,72000,внедорожник 3 дв.,серебристый,0.7,64,Бензин,автоматическая,полный,Правый,Не требует ремонта,1 владелец,Оригинал,Растаможен
430000,nissan,kix,2009,100000,внедорожник 3 дв.,чёрный,0.7,64,Бензин,автоматическая,полный,Правый,Не требует ремонта,2 владельца,Оригинал,Растаможен
235000,nissan,urvan,1996,224000,минивэн,белый,2.0,88,Бензин,механическая,задний,Левый,Не требует ремонта,3 или более,Дубликат,Растаможен
135000,nissan,urvan,1990,250000,минивэн,белый,2.7,85,Дизель,механическая,задний,Левый,Не требует ремонта,3 или более,Оригинал,Растаможен
165000,nissan,urvan,1989,258000,минивэн,серый,2.7,85,Дизель,механическая,задний,Левый,Не требует ремонта,3 или более,Дубликат,Растаможен
145000,nissan,urvan,1989,198000,минивэн,синий,2.7,85,Дизель,механическая,задний,Левый,Не требует ремонта,3 или более,Оригинал,Растаможен
680000,toyota,matrix,2009,110000,хэтчбек 5 дв.,синий,2.4,158,Бензин,автоматическая,передний,Левый,Не требует ремонта,3 или более,Оригинал,Растаможен
300000,toyota,matrix,2002,177524,хэтчбек 5 дв.,серебристый,1.8,132,Бензин,механическая,передний,Левый,Не требует ремонта,3 или более,Дубликат,Растаможен
385000,toyota,matrix,2003,178350,хэтчбек 5 дв.,синий,1.8,132,Бензин,автоматическая,передний,Левый,Не требует ремонта,3 или более,Дубликат,Растаможен
354000,toyota,matrix,2005,173670,хэтчбек 5 дв.,серый,1.8,183,Бензин,автоматическая,передний,Левый,Не требует ремонта,1 владелец,Оригинал,Растаможен
490000,toyota,matrix,2005,217000,хэтчбек 5 дв.,серебристый,1.8,132,Бензин,автоматическая,передний,Левый,Не требует ремонта,3 или более,Дубликат,Растаможен
550000,toyota,matrix,2004,160000,хэтчбек 5 дв.,красный,1.8,124,Бензин,автоматическая,полный,Левый,Не требует ремонта,3 или более,Дубликат,Растаможен
550000,toyota,matrix,2006,215000,хэтчбек 5 дв.,серый,1.8,124,Бензин,автоматическая,полный,Левый,Не требует ремонта,2 владельца,Оригинал,Растаможен
330000,toyota,matrix,2002,308000,хэтчбек 5 дв.,золотистый,1.8,183,Бензин,механическая,передний,Левый,Не требует ремонта,3 или более,Оригинал,Растаможен
400000,toyota,matrix,2002,161000,хэтчбек 5 дв.,голубой,1.8,183,Бензин,автоматическая,передний,Левый,Не требует ремонта,3 или более,Дубликат,Растаможен
475000,toyota,matrix,2003,196000,хэтчбек 5 дв.,серебристый,1.8,132,Бензин,автоматическая,передний,Левый,Не требует ремонта,3 или более,Оригинал,Растаможен
470000,toyota,matrix,2003,211970,хэтчбек 5 дв.,синий,1.8,132,Бензин,механическая,передний,Левый,Не требует ремонта,2 владельца,Оригинал,Растаможен
579000,toyota,matrix,2003,213327,хэтчбек 5 дв.,серый,1.8,132,Бензин,механическая,передний,Левый,Не требует ремонта,1 владелец,Дубликат,Растаможен
420000,toyota,matrix,2002,180000,хэтчбек 5 дв.,синий,1.8,132,Бензин,автоматическая,передний,Левый,Не требует ремонта,2 владельца,Оригинал,Растаможен
320000,toyota,matrix,2003,167000,хэтчбек 5 дв.,красный,1.8,132,Бензин,автоматическая,передний,Левый,Не требует ремонта,2 владельца,Оригинал,Растаможен
1330000,toyota,hilux_surf,2002,185000,внедорожник 5 дв.,серебристый,2.7,150,Бензин,автоматическая,полный,Правый,Не требует ремонта,3 или более,Оригинал,Растаможен
1200000,toyota,hilux_surf,2003,250000,внедорожник 5 дв.,серебристый,2.7,150,Бензин,автоматическая,полный,Левый,Не требует ремонта,2 владельца,Оригинал,Растаможен
480000,toyota,hilux_surf,1998,258000,внедорожник 5 дв.,белый,2.7,150,Бензин,автоматическая,задний,Правый,Не требует ремонта,3 или более,Оригинал,Растаможен
570000,toyota,hilux_surf,1998,200000,внедорожник 5 дв.,белый,2.7,150,Бензин,автоматическая,полный,Правый,Не требует ремонта,3 или более,Оригинал,Растаможен
690000,toyota,hilux_surf,1998,257450,внедорожник 5 дв.,чёрный,2.7,150,Бензин,автоматическая,полный,Правый,Не требует ремонта,2 владельца,Оригинал,Растаможен
675000,toyota,hilux_surf,1998,295000,внедорожник 5 дв.,чёрный,2.7,150,Бензин,автоматическая,задний,Правый,Не требует ремонта,3 или более,Дубликат,Растаможен
780000,toyota,hilux_surf,1998,320000,внедорожник 5 дв.,синий,2.7,150,Бензин,автоматическая,полный,Правый,Не требует ремонта,3 или более,Оригинал,Растаможен
330000,toyota,hilux_surf,1992,350000,внедорожник 5 дв.,синий,2.5,94,Дизель,механическая,полный,Правый,Не требует ремонта,3 или более,Дубликат,Растаможен
120000,toyota,hilux_surf,1992,267000,внедорожник 5 дв.,красный,2.5,94,Дизель,автоматическая,полный,Правый,Не требует ремонта,1 владелец,Оригинал,Растаможен
750000,toyota,hilux_surf,2001,150000,внедорожник 5 дв.,серебристый,2.7,150,Бензин,автоматическая,задний,Правый,Не требует ремонта,2 владельца,Оригинал,Растаможен
780000,toyota,hilux_surf,1994,315000,внедорожник 5 дв.,чёрный,3.0,130,Дизель,автоматическая,полный,Правый,Не требует ремонта,3 или более,Оригинал,Растаможен
850000,toyota,hilux_surf,1999,240000,внедорожник 5 дв.,серый,3.0,145,Дизель,автоматическая,полный,Правый,Не требует ремонта,3 или более,Оригинал,Растаможен
270000,toyota,hilux_surf,1990,454205,внедорожник 5 дв.,зелёный,2.5,94,Дизель,автоматическая,полный,Правый,Не требует ремонта,3 или более,Оригинал,Растаможен
240000,toyota,hilux_surf,1993,340000,внедорожник 5 дв.,серый,3.0,150,Бензин,автоматическая,полный,Правый,Не требует ремонта,2 владельца,Оригинал,Растаможен
370000,toyota,hilux_surf,1999,555555,внедорожник 5 дв.,синий,3.0,145,Дизель,автоматическая,полный,Правый,Не требует ремонта,1 владелец,Оригинал,Растаможен
350000,toyota,hilux_surf,1997,330000,внедорожник 5 дв.,зелёный,3.0,130,Дизель,автоматическая,полный,Правый,Не требует ремонта,3 или более,Оригинал,Растаможен
700000,toyota,hilux_surf,1996,190000,внедорожник 5 дв.,зелёный,3.0,130,Дизель,автоматическая,полный,Правый,Не требует ремонта,3 или более,Оригинал,Растаможен
785000,toyota,hilux_surf,1998,237500,внедорожник 5 дв.,белый,3.0,145,Дизель,автоматическая,полный,Правый,Не требует ремонта,3 или более,Оригинал,Растаможен
550000,toyota,hilux_surf,1992,275300,внедорожник 5 дв.,синий,3.0,150,Бензин,автоматическая,полный,Правый,Не требует ремонта,3 или более,Дубликат,Растаможен
470000,toyota,hilux_surf,1992,300000,внедорожник 5 дв.,красный,2.5,94,Дизель,автоматическая,полный,Правый,Не требует ремонта,3 или более,Дубликат,Растаможен
360699,toyota,hilux_surf,1992,300000,внедорожник 5 дв.,красный,2.5,94,Дизель,автоматическая,полный,Правый,Не требует ремонта,3 или более,Оригинал,Растаможен
740000,toyota,hilux_surf,1991,15000,внедорожник 5 дв.,красный,2.5,94,Дизель,автоматическая,полный,Правый,Не требует ремонта,3 или более,Дубликат,Растаможен
450000,toyota,hilux_surf,1994,400000,внедорожник 5 дв.,красный,3.0,150,Бензин,автоматическая,полный,Правый,Не требует ремонта,3 или более,Оригинал,Растаможен
350000,toyota,hilux_surf,1992,250000,внедорожник 5 дв.,красный,2.5,94,Дизель,автоматическая,полный,Правый,Не требует ремонта,3 или более,Оригинал,Растаможен
350000,toyota,hilux_surf,1993,333000,внедорожник 5 дв.,синий,2.5,94,Дизель,механическая,полный,Правый,Не требует ремонта,3 или более,Оригинал,Растаможен
350000,toyota,hilux_surf,1992,200000,внедорожник 5 дв.,серый,2.5,94,Дизель,автоматическая,полный,Правый,Не требует ремонта,3 или более,Оригинал,Растаможен
400000,toyota,hilux_surf,1992,147182,внедорожник 5 дв.,чёрный,2.5,94,Дизель,автоматическая,полный,Правый,Не требует ремонта,2 владельца,Оригинал,Растаможен
470000,toyota,hilux_surf,1990,200000,внедорожник 5 дв.,красный,2.8,91,Дизель,механическая,полный,Правый,Не требует ремонта,3 или более,Дубликат,Растаможен
930000,toyota,hilux_surf,2001,264000,внедорожник 5 дв.,серый,2.7,150,Бензин,автоматическая,полный,Правый,Не требует ремонта,1 владелец,Оригинал,Растаможен
365000,toyota,hilux_surf,1993,111100,внедорожник 5 дв.,серый,2.5,94,Дизель,автоматическая,полный,Правый,Не требует ремонта,3 или более,Оригинал,Растаможен
450000,toyota,hilux_surf,1993,374500,внедорожник 5 дв.,серый,2.5,94,Дизель,автоматическая,полный,Правый,Не требует ремонта,3 или более,Оригинал,Растаможен
310000,toyota,hilux_surf,1993,235000,внедорожник 5 дв.,чёрный,2.5,94,Дизель,автоматическая,полный,Правый,Не требует ремонта,3 или более,Оригинал,Растаможен
600000,toyota,hilux_surf,1999,260000,внедорожник 5 дв.,бежевый,2.7,150,Бензин,автоматическая,полный,Правый,Не требует ремонта,3 или более,Оригинал,Растаможен
305000,toyota,hilux_surf,1993,100000,внедорожник 5 дв.,красный,2.5,94,Дизель,автоматическая,полный,Правый,Не требует ремонта,3 или более,Оригинал,Растаможен
400000,toyota,hilux_surf,1992,150000,внедорожник 5 дв.,красный,2.5,94,Дизель,автоматическая,полный,Правый,Не требует ремонта,3 или более,Оригинал,Растаможен
1150000,toyota,hilux_surf,2004,274000,внедорожник 5 дв.,серебристый,2.7,163,Бензин,автоматическая,полный,Правый,Не требует ремонта,1 владелец,Оригинал,Растаможен
630000,toyota,hilux_surf,1992,194000,внедорожник 5 дв.,синий,2.5,94,Дизель,автоматическая,полный,Правый,Не требует ремонта,3 или более,Оригинал,Растаможен
450000,toyota,hilux_surf,1993,374500,внедорожник 5 дв.,серый,2.5,94,Дизель,автоматическая,полный,Правый,Не требует ремонта,3 или более,Оригинал,Растаможен
600000,toyota,hilux_surf,1994,296000,внедорожник 5 дв.,красный,3.0,130,Дизель,автоматическая,полный,Правый,Не требует ремонта,3 или более,Оригинал,Растаможен
850000,toyota,hilux_surf,2001,280000,внедорожник 5 дв.,белый,2.7,150,Бензин,автоматическая,полный,Правый,Не требует ремонта,2 владельца,Оригинал,Растаможен
1100000,toyota,hilux_surf,2001,183000,внедорожник 5 дв.,чёрный,2.7,150,Бензин,автоматическая,полный,Правый,Не требует ремонта,2 владельца,Оригинал,Растаможен
350000,toyota,hilux_surf,1993,266000,внедорожник 5 дв.,серый,2.5,94,Дизель,автоматическая,полный,Правый,Не требует ремонта,3 или более,Дубликат,Растаможен
470000,toyota,hilux_surf,1992,300000,внедорожник 5 дв.,красный,2.5,94,Дизель,автоматическая,полный,Правый,Не требует ремонта,3 или более,Дубликат,Растаможен
600000,toyota,hilux_surf,1990,3000,внедорожник 5 дв.,зелёный,2.0,97,Бензин,автоматическая,полный,Правый,Не требует ремонта,3 или более,Дубликат,Растаможен
450000,toyota,hilux_surf,1994,400000,внедорожник 5 дв.,красный,3.0,150,Бензин,автоматическая,полный,Правый,Не требует ремонта,3 или более,Оригинал,Растаможен
280000,toyota,hilux_surf,1989,240000,внедорожник 3 дв.,серый,2.5,94,Дизель,механическая,полный,Правый,Не требует ремонта,3 или более,Оригинал,Растаможен
700000,toyota,hilux_surf,1993,350000,внедорожник 5 дв.,серебристый,3.0,150,Бензин,автоматическая,полный,Правый,Не требует ремонта,3 или более,Оригинал,Растаможен
550000,toyota,hilux_surf,1992,275300,внедорожник 5 дв.,синий,3.0,150,Бензин,автоматическая,полный,Правый,Не требует ремонта,3 или более,Дубликат,Растаможен
365000,toyota,hilux_surf,1993,111100,внедорожник 5 дв.,серый,2.5,94,Дизель,автоматическая,полный,Правый,Не требует ремонта,3 или более,Оригинал,Растаможен
400000,toyota,hilux_surf,1992,252792,внедорожник 5 дв.,красный,3.0,150,Бензин,автоматическая,полный,Правый,Не требует ремонта,1 владелец,Дубликат,Растаможен
350000,toyota,hilux_surf,1991,251000,внедорожник 5 дв.,зелёный,2.5,94,Дизель,автоматическая,полный,Правый,Не требует ремонта,2 владельца,Дубликат,Растаможен
400000,toyota,hilux_surf,1992,147182,внедорожник 5 дв.,чёрный,2.5,94,Дизель,автоматическая,полный,Правый,Не требует ремонта,2 владельца,Оригинал,Растаможен
400000,toyota,hilux_surf,1992,150000,внедорожник 5 дв.,красный,2.5,94,Дизель,автоматическая,полный,Правый,Не требует ремонта,3 или более,Оригинал,Растаможен
500000,toyota,hilux_surf,1991,100000,внедорожник 5 дв.,серый,2.5,94,Дизель,механическая,полный,Правый,Не требует ремонта,3 или более,Оригинал,Растаможен
295000,toyota,hilux_surf,1993,320000,внедорожник 5 дв.,красный,2.5,94,Дизель,автоматическая,полный,Правый,Не требует ремонта,3 или более,Оригинал,Растаможен
300000,toyota,hilux_surf,1992,50000,внедорожник 5 дв.,красный,2.5,94,Дизель,автоматическая,полный,Правый,Не требует ремонта,3 или более,Оригинал,Растаможен
370000,toyota,hilux_surf,1999,555555,внедорожник 5 дв.,синий,3.0,145,Дизель,автоматическая,полный,Правый,Не требует ремонта,1 владелец,Оригинал,Растаможен
850000,toyota,hilux_surf,1998,170000,внедорожник 5 дв.,синий,2.7,150,Бензин,автоматическая,полный,Правый,Не требует ремонта,3 или более,Дубликат,Растаможен
360699,toyota,hilux_surf,1992,300000,внедорожник 5 дв.,красный,2.5,94,Дизель,автоматическая,полный,Правый,Не требует ремонта,3 или более,Оригинал,Растаможен
"1500000,toyota,hilux_surf,2003,191685,внедорожник 5 дв.,серый,2.7,150,""Бензин,газобаллонноеоборудование"",автоматическая,полный,Правый,Не требует ремонта,2 владельца,Оригинал,Растаможен"
350000,toyota,hilux_surf,1992,272000,внедорожник 5 дв.,красный,2.5,94,Дизель,автоматическая,полный,Правый,Не требует ремонта,2 владельца,Дубликат,Растаможен
350000,toyota,hilux_surf,1990,312000,внедорожник 3 дв.,серый,2.5,94,Дизель,механическая,полный,Правый,Не требует ремонта,3 или более,Дубликат,Растаможен
500000,toyota,hilux_surf,1992,211984,внедорожник 5 дв.,пурпурный,2.5,94,Дизель,автоматическая,полный,Правый,Не требует ремонта,3 или более,Оригинал,Растаможен
400000,toyota,hilux_surf,1992,147182,внедорожник 5 дв.,чёрный,2.5,94,Дизель,автоматическая,полный,Правый,Не требует ремонта,2 владельца,Оригинал,Растаможен
450000,toyota,hilux_surf,1991,455000,внедорожник 5 дв.,чёрный,2.5,94,Дизель,автоматическая,полный,Правый,Не требует ремонта,3 или более,Оригинал,Растаможен
630000,toyota,hilux_surf,1992,194000,внедорожник 5 дв.,синий,2.5,94,Дизель,автоматическая,полный,Правый,Не требует ремонта,3 или более,Оригинал,Растаможен
350000,toyota,hilux_surf,1993,320000,внедорожник 5 дв.,пурпурный,2.5,94,Дизель,автоматическая,полный,Правый,Не требует ремонта,3 или более,Дубликат,Растаможен
320000,toyota,hilux_surf,1991,288000,внедорожник 5 дв.,серый,2.5,94,Дизель,автоматическая,полный,Правый,Не требует ремонта,3 или более,Оригинал,Растаможен
345000,toyota,hilux_surf,1993,250000,внедорожник 5 дв.,синий,2.5,94,Дизель,автоматическая,полный,Правый,Не требует ремонта,3 или более,Оригинал,Растаможен
360000,toyota,hilux_surf,1993,278000,внедорожник 5 дв.,белый,2.5,94,Дизель,механическая,полный,Правый,Не требует ремонта,2 владельца,Оригинал,Растаможен
320000,toyota,hilux_surf,1989,210000,внедорожник 5 дв.,чёрный,2.5,94,Дизель,механическая,полный,Правый,Не требует ремонта,3 или более,Оригинал,Растаможен
1350000,toyota,hilux_surf,2005,220000,внедорожник 5 дв.,чёрный,2.7,163,Бензин,автоматическая,полный,Левый,Не требует ремонта,2 владельца,Оригинал,Растаможен
1500000,toyota,hilux_surf,1986,10000,внедорожник 3 дв.,чёрный,2.5,90,Дизель,механическая,полный,Левый,Не требует ремонта,3 или более,Оригинал,Растаможен
1200000,toyota,hilux_surf,2003,350000,внедорожник 5 дв.,серый,2.7,150,Бензин,автоматическая,полный,Правый,Не требует ремонта,1 владелец,Оригинал,Растаможен
495000,toyota,hilux_surf,1999,256058,внедорожник 5 дв.,белый,2.7,150,Бензин,автоматическая,задний,Правый,Не требует ремонта,3 или более,Дубликат,Растаможен
1500000,toyota,hilux_surf,1986,10000,внедорожник 3 дв.,чёрный,2.5,90,Дизель,механическая,полный,Левый,Не требует ремонта,3 или более,Оригинал,Растаможен
1200000,toyota,hilux_surf,2003,350000,внедорожник 5 дв.,серый,2.7,150,Бензин,автоматическая,полный,Правый,Не требует ремонта,1 владелец,Оригинал,Растаможен
350000,toyota,hilux_surf,1992,272000,внедорожник 5 дв.,красный,2.5,94,Дизель,автоматическая,полный,Правый,Не требует ремонта,2 владельца,Дубликат,Растаможен
350000,toyota,hilux_surf,1991,251000,внедорожник 5 дв.,зелёный,2.5,94,Дизель,автоматическая,полный,Правый,Не требует ремонта,2 владельца,Дубликат,Растаможен
359000,toyota,hilux_surf,1990,256000,внедорожник 5 дв.,серый,2.0,97,Бензин,автоматическая,полный,Правый,Не требует ремонта,3 или более,Оригинал,Растаможен
400000,toyota,hilux_surf,1991,262000,внедорожник 5 дв.,пурпурный,2.5,94,Дизель,механическая,полный,Правый,Не требует ремонта,3 или более,Дубликат,Растаможен
300000,toyota,hilux_surf,1991,182000,внедорожник 5 дв.,красный,2.0,97,Бензин,автоматическая,полный,Правый,Не требует ремонта,3 или более,Оригинал,Растаможен
1350000,toyota,hilux_surf,2005,220000,внедорожник 5 дв.,чёрный,2.7,163,Бензин,автоматическая,полный,Левый,Не требует ремонта,2 владельца,Оригинал,Растаможен
350000,toyota,hilux_surf,1990,312000,внедорожник 3 дв.,серый,2.5,94,Дизель,механическая,полный,Правый,Не требует ремонта,3 или более,Дубликат,Растаможен
1600000,toyota,hilux_surf,2002,150000,внедорожник 5 дв.,голубой,2.7,150,Бензин,автоматическая,полный,Правый,Не требует ремонта,3 или более,Оригинал,Растаможен
255000,toyota,hilux_surf,1989,330000,внедорожник 5 дв.,красный,2.5,94,Дизель,механическая,полный,Правый,Не требует ремонта,2 владельца,Оригинал,Растаможен
520000,toyota,crown_majesta,2001,150000,седан,чёрный,4.0,280,Бензин,автоматическая,задний,Правый,Не требует ремонта,2 владельца,Дубликат,Растаможен
800000,toyota,crown_majesta,2000,130000,седан,белый,4.0,280,Бензин,автоматическая,задний,Правый,Не требует ремонта,3 или более,Оригинал,Растаможен
439000,toyota,crown_majesta,1999,106000,седан,белый,4.0,280,Бензин,автоматическая,задний,Правый,Не требует ремонта,1 владелец,Оригинал,Растаможен
600000,toyota,crown_majesta,2009,87000,седан,чёрный,4.6,347,Бензин,автоматическая,задний,Правый,Не требует ремонта,1 владелец,Оригинал,Растаможен
950000,toyota,crown_majesta,1995,230000,седан,серый,4.0,265,Бензин,автоматическая,задний,Правый,Не требует ремонта,3 или более,Дубликат,Растаможен
300000,toyota,crown_majesta,2002,90000,седан,серый,4.0,280,Бензин,автоматическая,задний,Правый,Не требует ремонта,1 владелец,Оригинал,Растаможен
1000000,toyota,crown_majesta,2012,140000,седан,чёрный,4.3,280,Бензин,автоматическая,полный,Правый,Не требует ремонта,1 владелец,Оригинал,Растаможен
290000,toyota,crown_majesta,1992,287000,седан,зелёный,4.0,260,Бензин,автоматическая,задний,Правый,Не требует ремонта,3 или более,Оригинал,Растаможен
630000,toyota,altezza,2001,206812,универсал 5 дв.,белый,3.0,220,Бензин,автоматическая,полный,Правый,Не требует ремонта,3 или более,Оригинал,Растаможен
1200000,toyota,altezza,2001,200000,седан,жёлтый,2.0,160,Бензин,автоматическая,задний,Правый,Не требует ремонта,3 или более,Оригинал,Растаможен
799999,toyota,altezza,2001,75000,седан,серебристый,2.0,210,Бензин,механическая,задний,Правый,Не требует ремонта,3 или более,Оригинал,Растаможен
980000,toyota,altezza,2002,184600,универсал 5 дв.,серебристый,3.0,220,Бензин,автоматическая,полный,Правый,Не требует ремонта,1 владелец,Оригинал,Растаможен
550000,toyota,altezza,2001,98000,седан,синий,2.0,210,Бензин,механическая,задний,Правый,Не требует ремонта,2 владельца,Оригинал,Растаможен
450000,toyota,altezza,2000,171500,седан,синий,2.0,200,Бензин,автоматическая,задний,Правый,Не требует ремонта,3 или более,Дубликат,Растаможен
650000,toyota,altezza,2003,180000,седан,чёрный,2.0,210,Бензин,механическая,задний,Правый,Не требует ремонта,3 или более,Оригинал,Растаможен
800000,toyota,altezza,2001,193000,седан,белый,2.0,160,Бензин,механическая,задний,Правый,Не требует ремонта,3 или более,Оригинал,Растаможен
850000,toyota,altezza,2003,202000,седан,серый,2.0,160,Бензин,автоматическая,задний,Правый,Не требует ремонта,2 владельца,Оригинал,Растаможен
380000,toyota,altezza,1999,140000,седан,красный,2.0,160,Бензин,механическая,задний,Правый,Не требует ремонта,3 или более,Дубликат,Растаможен
820000,toyota,altezza,2002,200000,универсал 5 дв.,синий,2.0,160,Бензин,механическая,задний,Правый,Не требует ремонта,3 или более,Оригинал,Растаможен
590000,toyota,altezza,2003,222000,седан,серебристый,2.0,210,Бензин,механическая,задний,Правый,Не требует ремонта,1 владелец,Оригинал,Растаможен
550000,toyota,altezza,1999,280000,седан,чёрный,2.0,160,Бензин,автоматическая,задний,Правый,Не требует ремонта,3 или более,Оригинал,Растаможен
1000000,toyota,altezza,2000,100000,седан,серебристый,2.0,210,Бензин,механическая,задний,Правый,Не требует ремонта,1 владелец,Оригинал,Растаможен
505000,toyota,altezza,1999,100000,седан,белый,2.0,200,Бензин,автоматическая,задний,Правый,Не требует ремонта,3 или более,Оригинал,Растаможен
800000,toyota,altezza,2001,230000,универсал 5 дв.,синий,2.0,160,Бензин,автоматическая,задний,Правый,Не требует ремонта,2 владельца,Оригинал,Растаможен
495000,toyota,altezza,2004,145000,седан,белый,2.0,200,Бензин,автоматическая,задний,Правый,Не требует ремонта,2 владельца,Оригинал,Растаможен
720000,toyota,altezza,2002,330000,универсал 5 дв.,серый,2.0,160,Бензин,автоматическая,полный,Правый,Не требует ремонта,3 или более,Оригинал,Растаможен
600000,toyota,altezza,1999,170000,седан,серебристый,2.0,210,Бензин,механическая,задний,Правый,Не требует ремонта,3 или более,Дубликат,Растаможен
560000,toyota,altezza,1999,100000,седан,белый,2.0,160,Бензин,механическая,задний,Правый,Не требует ремонта,3 или более,Оригинал,Растаможен
1650000,toyota,altezza,2003,200000,седан,серебристый,2.0,160,Бензин,автоматическая,задний,Правый,Не требует ремонта,3 или более,Оригинал,Растаможен
560000,toyota,altezza,1999,250000,седан,синий,2.0,210,Бензин,механическая,задний,Правый,Не требует ремонта,3 или более,Оригинал,Растаможен
450000,toyota,altezza,2002,200000,седан,серебристый,2.0,200,Бензин,автоматическая,задний,Правый,Не требует ремонта,3 или более,Оригинал,Растаможен
600000,toyota,altezza,1999,210000,седан,серый,2.0,210,Бензин,механическая,задний,Правый,Не требует ремонта,3 или более,Дубликат,Растаможен
550000,toyota,altezza,2000,75000,седан,серебристый,2.0,160,Бензин,автоматическая,задний,Правый,Не требует ремонта,3 или более,Оригинал,Растаможен
700000,toyota,altezza,2003,222000,седан,серый,2.0,210,Бензин,механическая,задний,Правый,Не требует ремонта,1 владелец,Оригинал,Растаможен
600000,toyota,altezza,2000,285933,седан,синий,2.0,210,Бензин,механическая,задний,Правый,Не требует ремонта,3 или более,Дубликат,Растаможен
800000,toyota,altezza,2003,200000,универсал 5 дв.,серебристый,3.0,220,Бензин,автоматическая,задний,Правый,Не требует ремонта,1 владелец,Оригинал,Растаможен
430000,toyota,altezza,2002,280000,седан,серебристый,2.0,160,Бензин,автоматическая,задний,Правый,Не требует ремонта,3 или более,Оригинал,Растаможен
599999,toyota,altezza,1998,131500,седан,серебристый,2.0,210,Бензин,механическая,задний,Правый,Не требует ремонта,3 или более,Дубликат,Растаможен
555000,toyota,altezza,1999,230000,седан,серебристый,2.0,200,Бензин,автоматическая,задний,Правый,Не требует ремонта,3 или более,Дубликат,Растаможен
620000,toyota,altezza,2001,287000,седан,чёрный,2.0,160,Бензин,механическая,задний,Правый,Не требует ремонта,3 или более,Дубликат,Растаможен
560000,toyota,altezza,2000,200000,седан,белый,2.0,160,Бензин,автоматическая,задний,Правый,Не требует ремонта,2 владельца,Оригинал,Растаможен
800000,toyota,altezza,1999,163000,седан,белый,2.0,210,Бензин,механическая,задний,Правый,Не требует ремонта,3 или более,Оригинал,Растаможен
750000,toyota,altezza,2001,295000,универсал 5 дв.,зелёный,2.0,160,Бензин,автоматическая,задний,Правый,Не требует ремонта,3 или более,Оригинал,Растаможен
990000,toyota,altezza,2001,192715,седан,белый,2.0,160,Бензин,механическая,задний,Правый,Не требует ремонта,3 или более,Оригинал,Растаможен
450000,toyota,altezza,1999,300000,седан,зелёный,2.0,160,Бензин,автоматическая,задний,Правый,Не требует ремонта,3 или более,Дубликат,Растаможен
700000,toyota,altezza,2003,222000,седан,серый,2.0,210,Бензин,механическая,задний,Правый,Не требует ремонта,1 владелец,Оригинал,Растаможен
820000,toyota,altezza,2002,200000,универсал 5 дв.,синий,2.0,160,Бензин,механическая,задний,Правый,Не требует ремонта,3 или более,Оригинал,Растаможен
"850000,toyota,altezza,2000,300000,седан,белый,2.0,160,""Бензин,газобаллонноеоборудование"",автоматическая,задний,Правый,Не требует ремонта,3 или более,Дубликат,Растаможен"
495000,toyota,altezza,2004,145000,седан,белый,2.0,200,Бензин,автоматическая,задний,Правый,Не требует ремонта,2 владельца,Оригинал,Растаможен
638000,toyota,altezza,2000,219999,седан,чёрный,2.0,210,Бензин,механическая,задний,Правый,Не требует ремонта,3 или более,Дубликат,Растаможен
800000,toyota,altezza,2001,230000,универсал 5 дв.,синий,2.0,160,Бензин,автоматическая,задний,Правый,Не требует ремонта,2 владельца,Оригинал,Растаможен
660000,toyota,altezza,2001,197000,седан,серебристый,2.0,160,Бензин,автоматическая,задний,Правый,Не требует ремонта,1 владелец,Оригинал,Растаможен
650000,toyota,altezza,2001,245000,седан,серебристый,2.0,200,Бензин,автоматическая,задний,Правый,Не требует ремонта,2 владельца,Оригинал,Растаможен
630000,toyota,altezza,2001,115000,седан,синий,2.0,160,Бензин,механическая,задний,Правый,Не требует ремонта,3 или более,Оригинал,Растаможен
799999,toyota,altezza,2002,220000,седан,серый,2.0,160,Бензин,автоматическая,задний,Правый,Не требует ремонта,3 или более,Оригинал,Растаможен
570000,toyota,altezza,2001,252000,седан,красный,2.0,160,Бензин,автоматическая,задний,Правый,Не требует ремонта,3 или более,Дубликат,Растаможен
520000,toyota,altezza,2001,303857,седан,серебристый,2.0,160,Бензин,автоматическая,задний,Правый,Не требует ремонта,3 или более,Оригинал,Растаможен
990000,toyota,altezza,2001,192715,седан,белый,2.0,160,Бензин,механическая,задний,Правый,Не требует ремонта,3 или более,Оригинал,Растаможен
850000,toyota,altezza,2000,100000,седан,синий,2.0,200,Бензин,автоматическая,задний,Правый,Не требует ремонта,1 владелец,Оригинал,Растаможен
750000,toyota,altezza,2002,214000,универсал 5 дв.,синий,3.0,220,Бензин,автоматическая,задний,Правый,Не требует ремонта,2 владельца,Оригинал,Растаможен
720000,toyota,altezza,2002,330000,универсал 5 дв.,серый,2.0,160,Бензин,автоматическая,полный,Правый,Не требует ремонта,3 или более,Оригинал,Растаможен
550000,toyota,altezza,1999,280000,седан,чёрный,2.0,160,Бензин,автоматическая,задний,Правый,Не требует ремонта,3 или более,Оригинал,Растаможен
550000,toyota,altezza,1999,234000,седан,серый,2.0,160,Бензин,автоматическая,задний,Правый,Не требует ремонта,3 или более,Оригинал,Растаможен
709000,toyota,mr2,1991,100000,купе,красный,2.0,245,Бензин,механическая,задний,Левый,Не требует ремонта,2 владельца,Оригинал,Растаможен
3789000,toyota,mr2,1991,100000,тарга,пурпурный,2.0,170,Бензин,механическая,задний,Правый,Не требует ремонта,3 или более,Оригинал,Растаможен
1700000,toyota,mr2,1994,19000,купе,красный,2.0,245,Бензин,механическая,задний,Правый,Не требует ремонта,2 владельца,Оригинал,Растаможен
800000,toyota,mr2,2000,130000,родстер,серебристый,1.8,140,Бензин,механическая,задний,Левый,Не требует ремонта,3 или более,Дубликат,Растаможен
3975000,toyota,mr2,1997,35000,купе,белый,2.0,156,Бензин,механическая,задний,Правый,Не требует ремонта,2 владельца,Оригинал,Растаможен
675000,toyota,verso_s,2011,132000,хэтчбек 5 дв.,чёрный,1.3,99,Бензин,вариатор,передний,Левый,Не требует ремонта,1 владелец,Оригинал,Растаможен
250000,toyota,yaris_verso,2000,248000,компактвэн,серебристый,1.3,86,Бензин,механическая,передний,Левый,Не требует ремонта,3 или более,Оригинал,Растаможен
350000,toyota,yaris_verso,2000,250000,компактвэн,серебристый,1.3,86,Бензин,механическая,передний,Левый,Не требует ремонта,3 или более,Дубликат,Растаможен
349000,toyota,yaris_verso,2002,190000,компактвэн,серебристый,1.3,86,Бензин,механическая,передний,Левый,Не требует ремонта,2 владельца,Оригинал,Растаможен
270000,toyota,yaris_verso,2000,306000,компактвэн,серебристый,1.5,106,Бензин,механическая,передний,Левый,Не требует ремонта,3 или более,Оригинал,Растаможен
350000,toyota,yaris_verso,2000,228800,компактвэн,синий,1.3,86,Бензин,механическая,передний,Левый,Не требует ремонта,3 или более,Дубликат,Растаможен
369000,toyota,yaris_verso,2003,210000,компактвэн,зелёный,1.4,75,Дизель,механическая,передний,Левый,Не требует ремонта,3 или более,Оригинал,Растаможен
670000,toyota,blade,2009,170000,хэтчбек 5 дв.,синий,2.4,167,Бензин,вариатор,передний,Правый,Не требует ремонта,3 или более,Оригинал,Растаможен
690000,toyota,blade,2007,162000,хэтчбек 5 дв.,серый,2.4,167,Бензин,вариатор,передний,Правый,Не требует ремонта,2 владельца,Оригинал,Растаможен
1370000,toyota,corolla_rumion,2014,96000,универсал 5 дв.,синий,1.5,110,Бензин,вариатор,передний,Правый,Не требует ремонта,1 владелец,Оригинал,Растаможен
798000,toyota,corolla_rumion,2008,107000,универсал 5 дв.,чёрный,1.5,110,Бензин,вариатор,передний,Правый,Не требует ремонта,1 владелец,Оригинал,Растаможен
570000,toyota,corolla_rumion,2008,213000,универсал 5 дв.,белый,1.5,110,Бензин,вариатор,передний,Правый,Не требует ремонта,3 или более,Оригинал,Растаможен
610000,toyota,corolla_rumion,2013,35000,универсал 5 дв.,белый,1.5,110,Бензин,вариатор,передний,Правый,Не требует ремонта,1 владелец,Оригинал,Растаможен
950000,toyota,corolla_rumion,2012,77000,универсал 5 дв.,чёрный,1.5,110,Бензин,вариатор,передний,Правый,Не требует ремонта,1 владелец,Оригинал,Растаможен
628000,toyota,corolla_rumion,2008,180000,универсал 5 дв.,пурпурный,1.5,110,Бензин,вариатор,передний,Правый,Не требует ремонта,3 или более,Оригинал,Растаможен
910000,toyota,corolla_rumion,2014,99000,универсал 5 дв.,голубой,1.5,110,Бензин,вариатор,передний,Правый,Не требует ремонта,3 или более,Оригинал,Растаможен
877000,toyota,grand_hiace,2001,130000,минивэн,серый,3.4,180,Бензин,автоматическая,полный,Правый,Не требует ремонта,3 или более,Оригинал,Растаможен
650000,toyota,grand_hiace,2001,351000,минивэн,серебристый,3.4,180,Бензин,автоматическая,полный,Правый,Не требует ремонта,3 или более,Оригинал,Растаможен
997000,toyota,grand_hiace,2002,190000,минивэн,белый,3.4,180,Бензин,автоматическая,полный,Правый,Не требует ремонта,1 владелец,Оригинал,Растаможен
700000,toyota,grand_hiace,2000,202000,минивэн,белый,3.0,140,Дизель,автоматическая,полный,Правый,Не требует ремонта,3 или более,Оригинал,Растаможен
680000,toyota,grand_hiace,2001,650000,минивэн,белый,3.4,180,Бензин,автоматическая,задний,Правый,Не требует ремонта,2 владельца,Оригинал,Растаможен
900000,toyota,vanguard,2008,297482,внедорожник 5 дв.,белый,2.4,170,Бензин,вариатор,полный,Правый,Не требует ремонта,1 владелец,Оригинал,Растаможен
900000,toyota,vanguard,2008,83000,внедорожник 5 дв.,красный,2.4,170,Бензин,вариатор,полный,Правый,Не требует ремонта,1 владелец,Оригинал,Растаможен
1200000,toyota,vanguard,2011,159000,внедорожник 5 дв.,зелёный,2.4,170,Бензин,вариатор,полный,Правый,Не требует ремонта,1 владелец,Оригинал,Растаможен
950000,toyota,vanguard,2007,146000,внедорожник 5 дв.,чёрный,2.4,170,Бензин,вариатор,полный,Правый,Не требует ремонта,3 или более,Дубликат,Растаможен
1020000,toyota,vanguard,2008,178000,внедорожник 5 дв.,чёрный,2.4,170,Бензин,вариатор,полный,Правый,Не требует ремонта,3 или более,Оригинал,Растаможен
1150000,toyota,vanguard,2010,105000,внедорожник 5 дв.,серый,2.4,170,Бензин,вариатор,передний,Правый,Не требует ремонта,2 владельца,Оригинал,Растаможен
1100000,toyota,vanguard,2008,150000,внедорожник 5 дв.,белый,2.4,170,Бензин,вариатор,полный,Правый,Не требует ремонта,2 владельца,Оригинал,Растаможен
880000,toyota,vanguard,2007,180572,внедорожник 5 дв.,синий,2.4,170,Бензин,вариатор,полный,Правый,Не требует ремонта,3 или более,Оригинал,Растаможен
1100000,toyota,vanguard,2009,96000,внедорожник 5 дв.,чёрный,2.4,170,Бензин,вариатор,передний,Правый,Не требует ремонта,2 владельца,Оригинал,Растаможен
290000,toyota,curren,1996,200000,купе,чёрный,2.0,140,Бензин,механическая,передний,Правый,Не требует ремонта,3 или более,Оригинал,Растаможен
220000,toyota,curren,1997,274656,купе,белый,2.0,180,Бензин,механическая,передний,Правый,Не требует ремонта,3 или более,Оригинал,Растаможен
190000,toyota,curren,1997,260000,купе,белый,2.0,180,Бензин,механическая,передний,Правый,Не требует ремонта,3 или более,Дубликат,Растаможен
260000,toyota,curren,1994,205689,купе,зелёный,2.0,180,Бензин,механическая,передний,Правый,Не требует ремонта,3 или более,Дубликат,Растаможен
375000,toyota,curren,1996,370000,купе,белый,2.0,140,Бензин,автоматическая,передний,Правый,Не требует ремонта,3 или более,Оригинал,Растаможен
265000,toyota,curren,1995,310000,купе,серебристый,2.0,180,Бензин,механическая,передний,Правый,Не требует ремонта,3 или более,Дубликат,Растаможен
399999,toyota,curren,1996,191000,купе,чёрный,2.0,180,Бензин,механическая,передний,Правый,Не требует ремонта,3 или более,Оригинал,Растаможен
220000,toyota,curren,1995,300000,купе,синий,2.0,140,Бензин,механическая,передний,Правый,Не требует ремонта,3 или более,Оригинал,Растаможен
"650000,toyota,verossa,2003,152000,седан,серебристый,2.0,160,""Бензин,газобаллонноеоборудование"",автоматическая,задний,Правый,Не требует ремонта,3 или более,Оригинал,Растаможен"
880000,toyota,verossa,2001,100000,седан,коричневый,2.5,280,Бензин,автоматическая,задний,Правый,Не требует ремонта,3 или более,Оригинал,Растаможен
465000,toyota,verossa,2001,192876,седан,серебристый,2.0,160,Бензин,автоматическая,задний,Правый,Не требует ремонта,1 владелец,Дубликат,Растаможен
490000,toyota,verossa,2001,230000,седан,серебристый,2.0,160,Бензин,автоматическая,задний,Правый,Не требует ремонта,3 или более,Дубликат,Растаможен
620000,toyota,verossa,2002,300000,седан,серебристый,2.0,160,Бензин,автоматическая,задний,Правый,Не требует ремонта,3 или более,Оригинал,Растаможен
1150000,toyota,verossa,2001,100000,седан,белый,2.0,160,Бензин,автоматическая,полный,Правый,Не требует ремонта,1 владелец,Дубликат,Растаможен
430000,toyota,verossa,2001,225000,седан,серый,2.0,160,Бензин,автоматическая,задний,Правый,Не требует ремонта,3 или более,Дубликат,Растаможен
575000,toyota,verossa,2002,200000,седан,серый,2.0,160,Бензин,автоматическая,задний,Правый,Не требует ремонта,3 или более,Дубликат,Растаможен
479000,toyota,verossa,2003,249000,седан,чёрный,2.0,160,Бензин,автоматическая,задний,Правый,Не требует ремонта,3 или более,Дубликат,Растаможен
500000,toyota,verossa,2001,290000,седан,серый,2.5,200,Бензин,автоматическая,задний,Правый,Не требует ремонта,3 или более,Оригинал,Растаможен
545000,toyota,verossa,2002,221000,седан,серебристый,2.0,160,Бензин,автоматическая,задний,Правый,Не требует ремонта,1 владелец,Дубликат,Растаможен
550000,toyota,verossa,2001,210000,седан,серебристый,2.0,160,Бензин,автоматическая,задний,Правый,Не требует ремонта,2 владельца,Оригинал,Растаможен
430000,toyota,verossa,2001,280000,седан,серебристый,2.0,160,Бензин,автоматическая,задний,Правый,Не требует ремонта,3 или более,Дубликат,Растаможен
850000,toyota,verossa,2001,245000,седан,белый,2.0,160,Бензин,автоматическая,задний,Правый,Не требует ремонта,3 или более,Оригинал,Растаможен
700000,toyota,verossa,2001,220000,седан,фиолетовый,2.0,160,Бензин,автоматическая,задний,Правый,Не требует ремонта,3 или более,Оригинал,Растаможен
590000,toyota,verossa,2003,120000,седан,серый,2.0,160,Бензин,автоматическая,задний,Правый,Не требует ремонта,3 или более,Оригинал,Растаможен
550000,toyota,verossa,2002,190000,седан,фиолетовый,2.0,160,Бензин,автоматическая,полный,Правый,Не требует ремонта,3 или более,Оригинал,Растаможен
350000,toyota,verossa,2001,128000,седан,фиолетовый,2.5,200,Бензин,автоматическая,задний,Правый,Не требует ремонта,1 владелец,Оригинал,Растаможен
1000000,toyota,verossa,2001,110000,седан,серый,2.0,160,Бензин,автоматическая,задний,Правый,Не требует ремонта,3 или более,Оригинал,Растаможен
760000,toyota,verossa,2003,115000,седан,красный,2.0,160,Бензин,автоматическая,задний,Правый,Не требует ремонта,3 или более,Оригинал,Растаможен
500000,toyota,verossa,2002,310000,седан,пурпурный,2.5,200,Бензин,автоматическая,задний,Правый,Не требует ремонта,3 или более,Оригинал,Растаможен
498000,toyota,verossa,2001,309000,седан,фиолетовый,2.0,160,Бензин,автоматическая,задний,Правый,Не требует ремонта,3 или более,Оригинал,Растаможен
440000,toyota,verossa,2003,240000,седан,белый,2.0,160,Бензин,автоматическая,задний,Правый,Не требует ремонта,3 или более,Дубликат,Растаможен
150000,toyota,scepter_sedan,1993,186000,универсал 5 дв.,синий,2.2,140,Бензин,автоматическая,передний,Правый,Не требует ремонта,3 или более,Оригинал,Растаможен
255000,toyota,scepter_sedan,1995,325000,седан,синий,2.2,136,Бензин,автоматическая,передний,Правый,Не требует ремонта,3 или более,Дубликат,Растаможен
280000,toyota,scepter_sedan,1992,270000,седан,синий,2.2,136,Бензин,автоматическая,передний,Правый,Не требует ремонта,3 или более,Дубликат,Растаможен
50000,toyota,scepter_sedan,1992,200000,седан,зелёный,2.2,136,Бензин,автоматическая,передний,Правый,Не требует ремонта,3 или более,Оригинал,Растаможен
150000,toyota,scepter_sedan,1995,300000,универсал 5 дв.,синий,2.2,140,Бензин,автоматическая,передний,Правый,Не требует ремонта,3 или более,Оригинал,Растаможен
165000,toyota,scepter_sedan,1993,300000,универсал 5 дв.,коричневый,2.2,140,Бензин,автоматическая,передний,Правый,Не требует ремонта,3 или более,Оригинал,Растаможен
75000,toyota,scepter_sedan,1994,709000,седан,серый,2.2,136,Бензин,автоматическая,передний,Правый,Не требует ремонта,3 или более,Оригинал,Растаможен
200000,toyota,scepter_sedan,1995,255000,седан,серебристый,2.2,136,Бензин,автоматическая,передний,Левый,Не требует ремонта,3 или более,Оригинал,Растаможен
555000,toyota,sparky,2000,250000,микровэн,красный,1.3,90,Бензин,автоматическая,задний,Правый,Не требует ремонта,3 или более,Оригинал,Растаможен
250000,toyota,sparky,2001,189000,микровэн,серый,1.3,90,Бензин,механическая,полный,Правый,Не требует ремонта,1 владелец,Оригинал,Растаможен
130000,toyota,windom,1993,246300,седан,зелёный,3.0,200,Бензин,автоматическая,передний,Правый,Не требует ремонта,3 или более,Оригинал,Растаможен
250000,toyota,windom,1994,203760,седан,зелёный,2.5,175,Бензин,автоматическая,передний,Правый,Не требует ремонта,3 или более,Дубликат,Растаможен
205000,toyota,windom,1994,200000,седан,зелёный,2.5,175,Бензин,автоматическая,передний,Правый,Не требует ремонта,3 или более,Оригинал,Растаможен
365000,toyota,windom,1998,333000,седан,чёрный,2.5,200,Бензин,автоматическая,передний,Правый,Не требует ремонта,2 владельца,Оригинал,Растаможен
175000,toyota,windom,1994,300000,седан,зелёный,2.5,175,Бензин,автоматическая,передний,Правый,Не требует ремонта,1 владелец,Оригинал,Растаможен
350000,toyota,windom,2001,220000,седан,белый,3.0,215,Бензин,автоматическая,передний,Правый,Не требует ремонта,3 или более,Оригинал,Растаможен
350000,toyota,windom,1998,362000,седан,серебристый,3.0,210,Бензин,автоматическая,передний,Правый,Не требует ремонта,3 или более,Оригинал,Растаможен
310000,toyota,windom,1997,260000,седан,серый,3.0,188,Бензин,автоматическая,передний,Правый,Не требует ремонта,2 владельца,Оригинал,Растаможен
450000,toyota,windom,2001,320000,седан,чёрный,3.0,215,Бензин,автоматическая,передний,Правый,Не требует ремонта,3 или более,Дубликат,Растаможен
300000,toyota,windom,1999,380000,седан,серый,3.0,215,Бензин,автоматическая,передний,Правый,Не требует ремонта,3 или более,Оригинал,Растаможен
220000,toyota,windom,1994,415000,седан,чёрный,2.5,175,Бензин,автоматическая,передний,Правый,Не требует ремонта,3 или более,Оригинал,Растаможен
320000,toyota,windom,1997,350000,седан,серебристый,2.5,200,Бензин,автоматическая,передний,Правый,Не требует ремонта,3 или более,Оригинал,Растаможен
200000,toyota,windom,1993,300000,седан,зелёный,2.5,175,Бензин,автоматическая,передний,Правый,Не требует ремонта,3 или более,Оригинал,Растаможен
400000,toyota,windom,1998,200000,седан,белый,2.5,200,Бензин,автоматическая,передний,Правый,Не требует ремонта,3 или более,Дубликат,Растаможен
260000,toyota,windom,1996,294300,седан,белый,2.5,200,Бензин,автоматическая,передний,Правый,Не требует ремонта,3 или более,Дубликат,Растаможен
300000,toyota,windom,1995,468000,седан,белый,2.5,175,Бензин,автоматическая,передний,Правый,Не требует ремонта,3 или более,Дубликат,Растаможен
249999,toyota,windom,1994,100000,седан,серый,2.5,175,Бензин,автоматическая,передний,Правый,Не требует ремонта,3 или более,Оригинал,Растаможен
565000,toyota,windom,2001,245000,седан,синий,3.0,215,Бензин,автоматическая,передний,Правый,Не требует ремонта,3 или более,Дубликат,Растаможен
508000,toyota,windom,2003,100000,седан,синий,3.0,215,Бензин,автоматическая,передний,Правый,Не требует ремонта,2 владельца,Оригинал,Растаможен
660000,toyota,windom,2004,250000,седан,синий,3.0,215,Бензин,автоматическая,передний,Правый,Не требует ремонта,3 или более,Оригинал,Растаможен
600000,toyota,windom,2001,233000,седан,синий,3.0,215,Бензин,автоматическая,передний,Правый,Не требует ремонта,3 или более,Оригинал,Растаможен
699000,toyota,avalon,2007,300000,седан,чёрный,3.5,272,Бензин,автоматическая,передний,Левый,Не требует ремонта,1 владелец,Оригинал,Растаможен
"300000,toyota,avalon,1998,212000,седан,белый,3.0,200,""Бензин,газобаллонноеоборудование"",автоматическая,передний,Левый,Не требует ремонта,2 владельца,Оригинал,Растаможен"
1280000,toyota,avalon,2011,148000,седан,белый,3.5,272,Бензин,автоматическая,передний,Левый,Не требует ремонта,2 владельца,Оригинал,Растаможен
450000,toyota,avalon,2002,366000,седан,серебристый,3.0,213,Бензин,автоматическая,передний,Левый,Не требует ремонта,3 или более,Дубликат,Растаможен
560000,toyota,avalon,2006,320000,седан,серебристый,3.5,272,Бензин,автоматическая,передний,Левый,Не требует ремонта,3 или более,Дубликат,Растаможен
800000,toyota,avalon,2006,270000,седан,чёрный,3.5,272,Бензин,автоматическая,передний,Левый,Не требует ремонта,3 или более,Оригинал,Растаможен
"800000,toyota,avalon,2006,495000,седан,чёрный,3.5,272,""Бензин,газобаллонноеоборудование"",автоматическая,передний,Левый,Не требует ремонта,3 или более,Оригинал,Растаможен"
373000,toyota,avalon,1995,312000,седан,чёрный,3.0,200,Бензин,автоматическая,передний,Левый,Не требует ремонта,3 или более,Оригинал,Растаможен
1482227,toyota,avalon,2015,140000,седан,белый,2.5,154,Гибрид,вариатор,передний,Левый,Не требует ремонта,1 владелец,Оригинал,Растаможен
"270000,toyota,avalon,1995,350000,седан,зелёный,3.0,200,""Бензин,газобаллонноеоборудование"",автоматическая,передний,Правый,Не требует ремонта,3 или более,Оригинал,Растаможен"
"970000,toyota,avalon,2008,135000,седан,чёрный,3.5,272,""Бензин,газобаллонноеоборудование"",автоматическая,передний,Левый,Не требует ремонта,3 или более,Оригинал,Растаможен"
300000,toyota,avalon,1994,478000,седан,коричневый,3.0,200,Бензин,автоматическая,передний,Левый,Не требует ремонта,3 или более,Оригинал,Растаможен
1000000,toyota,avalon,2006,146000,седан,зелёный,3.5,284,Бензин,автоматическая,передний,Левый,Не требует ремонта,2 владельца,Оригинал,Растаможен
850000,toyota,avalon,2005,300000,седан,золотистый,3.5,272,Бензин,автоматическая,передний,Левый,Не требует ремонта,1 владелец,Оригинал,Растаможен
190000,toyota,avalon,1996,511000,седан,синий,3.0,200,Бензин,автоматическая,передний,Правый,Не требует ремонта,3 или более,Дубликат,Растаможен
140000,toyota,master_ace_surf,1990,754000,минивэн,серебристый,2.0,97,Бензин,автоматическая,задний,Правый,Не требует ремонта,2 владельца,Оригинал,Растаможен
170000,toyota,master_ace_surf,1987,252000,минивэн,бежевый,2.0,97,Бензин,автоматическая,полный,Правый,Не требует ремонта,3 или более,Дубликат,Растаможен
110000,toyota,master_ace_surf,1990,252000,минивэн,белый,2.0,79,Бензин,механическая,задний,Правый,Не требует ремонта,3 или более,Дубликат,Растаможен
125000,toyota,master_ace_surf,1990,250000,минивэн,серый,2.0,83,Дизель,автоматическая,задний,Правый,Не требует ремонта,2 владельца,Оригинал,Растаможен
210000,toyota,master_ace_surf,1989,100000,минивэн,серый,2.0,83,Дизель,автоматическая,полный,Правый,Не требует ремонта,3 или более,Оригинал,Растаможен
240000,toyota,master_ace_surf,1991,250000,минивэн,коричневый,2.0,83,Дизель,автоматическая,полный,Правый,Не требует ремонта,3 или более,Оригинал,Растаможен
110000,toyota,master_ace_surf,1990,35000,минивэн,коричневый,2.0,83,Дизель,автоматическая,полный,Правый,Не требует ремонта,3 или более,Оригинал,Растаможен
200000,toyota,master_ace_surf,1990,100000,минивэн,серый,2.0,83,Дизель,механическая,полный,Правый,Не требует ремонта,3 или более,Оригинал,Растаможен
139000,toyota,master_ace_surf,1990,300000,минивэн,белый,2.0,97,Бензин,автоматическая,полный,Правый,Не требует ремонта,1 владелец,Дубликат,Растаможен
300000,toyota,cami,2001,206000,внедорожник 5 дв.,серебристый,1.3,90,Бензин,автоматическая,полный,Правый,Не требует ремонта,2 владельца,Дубликат,Растаможен
259000,toyota,cami,1999,159000,внедорожник 5 дв.,серебристый,1.3,92,Бензин,автоматическая,полный,Правый,Не требует ремонта,2 владельца,Оригинал,Растаможен
330000,toyota,cami,2001,293000,внедорожник 5 дв.,серебристый,1.3,90,Бензин,автоматическая,задний,Правый,Не требует ремонта,3 или более,Дубликат,Растаможен
400000,toyota,cami,2006,136000,внедорожник 5 дв.,серый,1.3,90,Бензин,механическая,задний,Правый,Не требует ремонта,3 или более,Оригинал,Растаможен
220000,toyota,cami,1999,16500,внедорожник 5 дв.,красный,1.3,92,Бензин,автоматическая,полный,Правый,Не требует ремонта,1 владелец,Оригинал,Растаможен
280000,toyota,cami,2001,130000,внедорожник 5 дв.,белый,1.3,90,Бензин,автоматическая,полный,Правый,Не требует ремонта,1 владелец,Оригинал,Растаможен
290000,toyota,cami,2003,350000,внедорожник 5 дв.,чёрный,1.3,90,Бензин,автоматическая,задний,Правый,Не требует ремонта,3 или более,Оригинал,Растаможен
400000,toyota,cami,2004,146860,внедорожник 5 дв.,синий,1.3,90,Бензин,автоматическая,задний,Правый,Не требует ремонта,3 или более,Дубликат,Растаможен
375000,toyota,cami,2000,200000,внедорожник 5 дв.,белый,1.3,90,Бензин,автоматическая,полный,Правый,Не требует ремонта,3 или более,Оригинал,Растаможен
410000,toyota,cami,2002,174000,внедорожник 5 дв.,белый,1.3,140,Бензин,автоматическая,полный,Правый,Не требует ремонта,3 или более,Оригинал,Растаможен
149000,toyota,cami,1999,183000,внедорожник 5 дв.,белый,1.3,92,Бензин,автоматическая,полный,Правый,Не требует ремонта,3 или более,Оригинал,Растаможен
360000,toyota,cami,2002,258866,внедорожник 5 дв.,розовый,1.3,90,Бензин,автоматическая,задний,Правый,Не требует ремонта,3 или более,Оригинал,Растаможен
100000,toyota,corona_exiv,1994,220000,седан-хардтоп,зелёный,1.8,125,Бензин,автоматическая,передний,Правый,Не требует ремонта,3 или более,Оригинал,Растаможен
185000,toyota,corona_exiv,1998,279893,седан-хардтоп,чёрный,2.0,140,Бензин,автоматическая,передний,Правый,Не требует ремонта,3 или более,Оригинал,Растаможен
250000,toyota,corona_exiv,1996,300000,седан-хардтоп,серый,2.0,140,Бензин,автоматическая,передний,Правый,Не требует ремонта,2 владельца,Дубликат,Растаможен
"250000,toyota,corona_exiv,1994,400000,седан-хардтоп,зелёный,1.8,125,""Бензин,газобаллонноеоборудование"",автоматическая,передний,Правый,Не требует ремонта,3 или более,Оригинал,Растаможен"
155000,toyota,corona_exiv,1992,380000,седан-хардтоп,чёрный,2.0,140,Бензин,автоматическая,передний,Правый,Не требует ремонта,3 или более,Оригинал,Растаможен
140000,toyota,corona_exiv,1990,384974,седан-хардтоп,белый,1.8,105,Бензин,автоматическая,передний,Правый,Не требует ремонта,3 или более,Дубликат,Растаможен
180000,toyota,corona_exiv,1993,411800,седан-хардтоп,зелёный,1.8,125,Бензин,автоматическая,передний,Правый,Не требует ремонта,3 или более,Дубликат,Растаможен
160000,toyota,corona_exiv,1990,250000,седан-хардтоп,красный,2.0,125,Бензин,автоматическая,передний,Правый,Не требует ремонта,3 или более,Оригинал,Растаможен
290000,toyota,corona_exiv,1994,5000,седан-хардтоп,зелёный,2.0,180,Бензин,механическая,передний,Правый,Не требует ремонта,3 или более,Оригинал,Растаможен
250000,toyota,corona_exiv,1994,299000,седан-хардтоп,синий,2.0,140,Бензин,автоматическая,передний,Правый,Не требует ремонта,3 или более,Оригинал,Растаможен
80000,toyota,corona_exiv,1991,123556,седан-хардтоп,белый,1.8,105,Бензин,автоматическая,передний,Правый,Не требует ремонта,3 или более,Оригинал,Растаможен
140000,toyota,corona_exiv,1994,233000,седан-хардтоп,чёрный,2.0,140,Бензин,автоматическая,передний,Правый,Не требует ремонта,3 или более,Оригинал,Растаможен
95000,toyota,corona_exiv,1992,250000,седан-хардтоп,белый,1.8,115,Бензин,механическая,передний,Правый,Не требует ремонта,3 или более,Дубликат,Растаможен
99000,toyota,corona_exiv,1991,255000,седан-хардтоп,серый,1.8,115,Бензин,автоматическая,передний,Правый,Не требует ремонта,3 или более,Дубликат,Растаможен
100000,toyota,corona_exiv,1996,300000,седан-хардтоп,белый,1.8,125,Бензин,автоматическая,передний,Правый,Не требует ремонта,3 или более,Оригинал,Растаможен
130000,toyota,corona_exiv,1995,425000,седан-хардтоп,белый,2.0,140,Бензин,механическая,передний,Правый,Не требует ремонта,3 или более,Оригинал,Растаможен
220000,toyota,corona_exiv,1989,350000,седан-хардтоп,белый,1.8,105,Бензин,автоматическая,передний,Правый,Не требует ремонта,3 или более,Оригинал,Растаможен
240000,toyota,corona_exiv,1993,417358,седан-хардтоп,зелёный,1.8,125,Бензин,автоматическая,передний,Правый,Не требует ремонта,2 владельца,Дубликат,Растаможен
1900000,toyota,mega_cruiser,1999,5500,внедорожник 5 дв.,бежевый,4.1,155,Дизель,автоматическая,полный,Правый,Не требует ремонта,1 владелец,Оригинал,Растаможен
6900000,toyota,mega_cruiser,1996,70000,внедорожник 5 дв.,белый,4.1,155,Дизель,автоматическая,полный,Левый,Не требует ремонта,1 владелец,Оригинал,Растаможен
5000000,toyota,mega_cruiser,1996,70000,внедорожник 5 дв.,белый,4.1,155,Дизель,автоматическая,полный,Левый,Не требует ремонта,1 владелец,Оригинал,Растаможен
750000,toyota,mark_x_zio,2009,150000,компактвэн,серебристый,3.5,280,Бензин,автоматическая,передний,Правый,Не требует ремонта,1 владелец,Оригинал,Растаможен
850000,toyota,mark_x_zio,2007,173222,компактвэн,серый,2.4,167,Бензин,вариатор,передний,Правый,Не требует ремонта,3 или более,Оригинал,Растаможен
700000,toyota,mark_x_zio,2008,170000,компактвэн,белый,2.4,167,Бензин,вариатор,передний,Правый,Не требует ремонта,3 или более,Оригинал,Растаможен
950000,toyota,mark_x_zio,2010,115000,компактвэн,белый,2.4,167,Бензин,вариатор,передний,Правый,Не требует ремонта,2 владельца,Оригинал,Растаможен
900000,toyota,mark_x_zio,2012,130000,компактвэн,белый,2.4,167,Бензин,вариатор,передний,Правый,Не требует ремонта,2 владельца,Оригинал,Растаможен
1829900,toyota,priusplus,2017,84326,универсал 5 дв.,белый,1.8,99,Гибрид,автоматическая,передний,Левый,Не требует ремонта,1 владелец,Оригинал,Растаможен
1150000,toyota,priusplus,2012,140000,универсал 5 дв.,серый,1.8,99,Гибрид,автоматическая,передний,Левый,Не требует ремонта,2 владельца,Оригинал,Растаможен
1640000,toyota,priusplus,2017,78000,универсал 5 дв.,серебристый,1.8,99,Гибрид,автоматическая,передний,Левый,Не требует ремонта,1 владелец,Оригинал,Растаможен
1681332,toyota,priusplus,2017,87000,универсал 5 дв.,красный,1.8,99,Гибрид,автоматическая,передний,Левый,Не требует ремонта,2 владельца,Оригинал,Растаможен
990000,toyota,priusplus,2013,215000,универсал 5 дв.,голубой,1.8,99,Гибрид,автоматическая,передний,Левый,Не требует ремонта,1 владелец,Оригинал,Растаможен
1499000,toyota,priusplus,2016,250000,универсал 5 дв.,чёрный,1.8,99,Гибрид,автоматическая,передний,Левый,Не требует ремонта,1 владелец,Оригинал,Растаможен
1252150,toyota,priusplus,2014,60000,универсал 5 дв.,белый,1.8,99,Гибрид,автоматическая,передний,Левый,Не требует ремонта,2 владельца,Оригинал,Растаможен
1670000,toyota,priusplus,2015,82000,универсал 5 дв.,белый,1.8,99,Гибрид,автоматическая,передний,Левый,Не требует ремонта,1 владелец,Оригинал,Растаможен
1680000,toyota,priusplus,2017,58000,универсал 5 дв.,белый,1.8,99,Гибрид,автоматическая,передний,Левый,Не требует ремонта,1 владелец,Оригинал,Растаможен
615000,toyota,granvia,1999,200000,минивэн,серебристый,3.0,130,Дизель,автоматическая,полный,Правый,Не требует ремонта,3 или более,Оригинал,Растаможен
650000,toyota,granvia,2001,225421,минивэн,белый,3.0,140,Дизель,автоматическая,полный,Правый,Не требует ремонта,3 или более,Оригинал,Растаможен
750000,toyota,granvia,2001,273000,минивэн,серебристый,3.4,180,Бензин,автоматическая,полный,Правый,Не требует ремонта,2 владельца,Дубликат,Растаможен
600000,toyota,granvia,1997,159000,минивэн,серый,3.0,130,Дизель,автоматическая,полный,Правый,Не требует ремонта,3 или более,Оригинал,Растаможен
399000,toyota,granvia,1995,170000,минивэн,серый,3.0,130,Дизель,автоматическая,полный,Правый,Не требует ремонта,3 или более,Дубликат,Растаможен
120000,toyota,cavalier,1999,250000,купе,чёрный,2.4,150,Бензин,автоматическая,передний,Правый,Не требует ремонта,3 или более,Оригинал,Растаможен
100000,toyota,cavalier,1998,200000,седан,зелёный,2.4,150,Бензин,автоматическая,передний,Правый,Не требует ремонта,3 или более,Оригинал,Растаможен
175000,toyota,cavalier,1999,240000,седан,зелёный,2.4,150,Бензин,автоматическая,передний,Правый,Не требует ремонта,3 или более,Дубликат,Растаможен
125000,toyota,cavalier,1997,252000,седан,чёрный,2.4,150,Бензин,автоматическая,передний,Правый,Не требует ремонта,3 или более,Оригинал,Растаможен
175000,toyota,cavalier,2000,350000,седан,серый,2.4,150,Бензин,автоматическая,передний,Правый,Не требует ремонта,3 или более,Оригинал,Растаможен
270000,toyota,cavalier,2000,199999,купе,чёрный,2.4,150,Бензин,автоматическая,передний,Правый,Не требует ремонта,3 или более,Оригинал,Растаможен
65000,toyota,cavalier,1997,100000,седан,чёрный,2.4,150,Бензин,автоматическая,передний,Правый,Не требует ремонта,3 или более,Оригинал,Растаможен
450000,toyota,porte,2007,200000,компактвэн,серебристый,1.3,88,Бензин,автоматическая,передний,Правый,Не требует ремонта,3 или более,Оригинал,Растаможен
660000,toyota,porte,2016,20000,компактвэн,белый,1.5,109,Бензин,вариатор,передний,Правый,Не требует ремонта,1 владелец,Оригинал,Растаможен
500000,toyota,porte,2008,112150,компактвэн,серый,1.5,105,Бензин,автоматическая,полный,Правый,Не требует ремонта,2 владельца,Оригинал,Растаможен
425000,toyota,porte,2008,205000,компактвэн,серый,1.5,109,Бензин,автоматическая,передний,Правый,Не требует ремонта,1 владелец,Оригинал,Растаможен
663000,toyota,porte,2014,64700,компактвэн,белый,1.5,109,Бензин,вариатор,передний,Правый,Не требует ремонта,1 владелец,Оригинал,Растаможен
470000,toyota,porte,2008,32898,компактвэн,зелёный,1.3,88,Бензин,автоматическая,передний,Правый,Не требует ремонта,2 владельца,Оригинал,Растаможен
360000,toyota,porte,2005,106000,компактвэн,чёрный,1.3,88,Бензин,автоматическая,передний,Правый,Не требует ремонта,3 или более,Дубликат,Растаможен
745000,toyota,porte,2015,76300,компактвэн,коричневый,1.3,94,Бензин,вариатор,передний,Правый,Не требует ремонта,2 владельца,Оригинал,Растаможен
420000,toyota,porte,2009,126662,компактвэн,серебристый,1.3,88,Бензин,автоматическая,передний,Правый,Не требует ремонта,3 или более,Оригинал,Растаможен
570000,toyota,porte,2017,44000,компактвэн,серебристый,1.5,109,Бензин,вариатор,передний,Правый,Не требует ремонта,1 владелец,Оригинал,Растаможен
480000,toyota,porte,2008,245000,компактвэн,серебристый,1.3,88,Бензин,автоматическая,передний,Правый,Не требует ремонта,3 или более,Оригинал,Растаможен
600000,toyota,porte,2019,79000,компактвэн,серебристый,1.5,109,Бензин,вариатор,передний,Правый,Не требует ремонта,1 владелец,Оригинал,Растаможен
845000,toyota,porte,2017,72150,компактвэн,оранжевый,1.5,109,Бензин,вариатор,передний,Правый,Не требует ремонта,1 владелец,Оригинал,Растаможен
510000,toyota,porte,2017,42000,компактвэн,белый,1.5,103,Бензин,вариатор,полный,Правый,Не требует ремонта,1 владелец,Оригинал,Растаможен
220000,honda,z,1998,170000,хэтчбек 3 дв.,серый,0.7,64,Бензин,автоматическая,полный,Правый,Не требует ремонта,3 или более,Оригинал,Растаможен
255000,honda,z,1999,200000,хэтчбек 3 дв.,серый,0.7,64,Бензин,автоматическая,полный,Правый,Не требует ремонта,3 или более,Дубликат,Растаможен
590000,volkswagen,eurovan,2001,297000,минивэн,красный,2.8,201,Бензин,автоматическая,передний,Левый,Не требует ремонта,1 владелец,Оригинал,Растаможен
690000,volkswagen,eurovan,2002,388500,минивэн,зелёный,2.8,201,Бензин,автоматическая,передний,Левый,Не требует ремонта,3 или более,Оригинал,Растаможен
620000,volkswagen,eurovan,2001,340000,минивэн,чёрный,2.8,201,Бензин,автоматическая,передний,Левый,Не требует ремонта,3 или более,Дубликат,Растаможен
600000,volkswagen,eurovan,1999,186000,минивэн,чёрный,2.8,140,Бензин,автоматическая,передний,Левый,Не требует ремонта,3 или более,Дубликат,Растаможен
200000,volkswagen,corrado,1992,280000,хэтчбек 3 дв.,коричневый,2.0,136,Бензин,механическая,передний,Левый,Не требует ремонта,3 или более,Дубликат,Растаможен
450000,volkswagen,corrado,1988,330000,хэтчбек 3 дв.,красный,1.8,160,Бензин,механическая,передний,Левый,Не требует ремонта,3 или более,Оригинал,Растаможен
180000,volkswagen,corrado,1990,150000,хэтчбек 3 дв.,фиолетовый,1.8,160,Бензин,механическая,передний,Левый,Не требует ремонта,3 или более,Оригинал,Растаможен
730000,volkswagen,eos,2008,132100,кабриолет,серый,2.0,200,Бензин,роботизированная,передний,Левый,Не требует ремонта,3 или более,Дубликат,Растаможен
850000,volkswagen,eos,2010,158000,кабриолет,чёрный,2.0,200,Бензин,роботизированная,передний,Левый,Не требует ремонта,1 владелец,Оригинал,Растаможен
900000,volkswagen,eos,2008,152000,кабриолет,серебристый,1.4,160,Бензин,механическая,передний,Левый,Не требует ремонта,2 владельца,Дубликат,Растаможен
1500000,volkswagen,eos,2010,127000,кабриолет,серебристый,2.0,200,Бензин,роботизированная,передний,Левый,Не требует ремонта,2 владельца,Оригинал,Растаможен
670000,volkswagen,eos,2008,150000,кабриолет,серый,1.4,122,Бензин,механическая,передний,Левый,Не требует ремонта,1 владелец,Оригинал,Растаможен
999000,volkswagen,eos,2008,107000,кабриолет,красный,2.0,200,Бензин,роботизированная,передний,Левый,Не требует ремонта,2 владельца,Оригинал,Растаможен
850000,volkswagen,eos,2006,145000,кабриолет,чёрный,2.0,150,Бензин,механическая,передний,Левый,Не требует ремонта,3 или более,Дубликат,Растаможен
780000,volkswagen,eos,2008,210000,кабриолет,чёрный,2.0,140,Дизель,роботизированная,передний,Левый,Не требует ремонта,3 или более,Оригинал,Растаможен
649000,volkswagen,eos,2007,153100,кабриолет,чёрный,2.0,150,Бензин,механическая,передний,Левый,Не требует ремонта,3 или более,Дубликат,Растаможен
830000,volkswagen,polo_gti,2007,153000,хэтчбек 3 дв.,красный,1.8,150,Бензин,механическая,передний,Левый,Не требует ремонта,3 или более,Оригинал,Растаможен
199999,volkswagen,lupo,1999,140000,хэтчбек 3 дв.,серебристый,1.2,61,Дизель,роботизированная,передний,Левый,Не требует ремонта,3 или более,Оригинал,Растаможен
190000,volkswagen,lupo,1999,135000,хэтчбек 3 дв.,синий,1.4,75,Бензин,механическая,передний,Левый,Не требует ремонта,3 или более,Оригинал,Растаможен
125000,volkswagen,lupo,1998,105000,хэтчбек 3 дв.,голубой,1.4,75,Бензин,механическая,передний,Левый,Не требует ремонта,3 или более,Дубликат,Растаможен
175000,volkswagen,lupo,1999,127000,хэтчбек 3 дв.,синий,1.0,50,Бензин,механическая,передний,Левый,Не требует ремонта,3 или более,Оригинал,Растаможен
195000,volkswagen,lupo,2003,160000,хэтчбек 3 дв.,красный,1.0,50,Бензин,механическая,передний,Левый,Не требует ремонта,3 или более,Оригинал,Растаможен
235000,volkswagen,lupo,1999,310000,хэтчбек 3 дв.,чёрный,1.2,61,Дизель,роботизированная,передний,Левый,Не требует ремонта,3 или более,Дубликат,Растаможен
180000,volkswagen,lupo,1999,410000,хэтчбек 3 дв.,зелёный,1.7,60,Дизель,механическая,передний,Левый,Не требует ремонта,3 или более,Дубликат,Растаможен
230000,volkswagen,lupo,1999,261000,хэтчбек 3 дв.,чёрный,1.4,75,Бензин,автоматическая,передний,Левый,Не требует ремонта,3 или более,Оригинал,Растаможен
200000,volkswagen,lupo,1999,298924,хэтчбек 3 дв.,чёрный,1.0,50,Бензин,механическая,передний,Левый,Не требует ремонта,3 или более,Дубликат,Растаможен
150000,volkswagen,lupo,2000,210000,хэтчбек 3 дв.,серебристый,1.0,50,Бензин,механическая,передний,Левый,Не требует ремонта,3 или более,Оригинал,Растаможен
250000,volkswagen,lupo,1999,200000,хэтчбек 3 дв.,белый,1.0,50,Бензин,механическая,передний,Левый,Не требует ремонта,2 владельца,Оригинал,Растаможен
180000,volkswagen,lupo,1998,287777,хэтчбек 3 дв.,синий,1.4,75,Бензин,механическая,передний,Левый,Не требует ремонта,3 или более,Оригинал,Растаможен
300000,volkswagen,lupo,2002,120000,хэтчбек 3 дв.,серебристый,1.0,50,Бензин,механическая,передний,Левый,Не требует ремонта,1 владелец,Оригинал,Растаможен
749000,volkswagen,type_1,1972,10400,купе,синий,1.6,48,Бензин,механическая,задний,Левый,Не требует ремонта,2 владельца,Оригинал,Растаможен
900000,volkswagen,type_1,1974,500,купе,синий,1.6,50,Бензин,механическая,задний,Левый,Не требует ремонта,3 или более,Оригинал,Растаможен
350000,volkswagen,type_1,1983,500000,купе,синий,1.2,34,Бензин,механическая,задний,Левый,Не требует ремонта,3 или более,Оригинал,Растаможен
654321,volkswagen,type_1,1978,97000,купе,красный,1.2,34,Бензин,механическая,задний,Левый,Не требует ремонта,3 или более,Дубликат,Растаможен
570000,volkswagen,type_1,1972,27678,купе,красный,1.2,34,Бензин,механическая,задний,Левый,Не требует ремонта,2 владельца,Дубликат,Растаможен
780000,volkswagen,type_1,1973,57300,купе,голубой,1.6,50,Бензин,механическая,задний,Левый,Не требует ремонта,3 или более,Оригинал,Растаможен
125363,volkswagen,taro,1994,11111,пикап одинарная кабина,белый,2.5,79,Дизель,механическая,полный,Левый,Не требует ремонта,2 владельца,Оригинал,Растаможен
420000,volkswagen,taro,1989,270000,пикап полуторная кабина,красный,2.4,114,Бензин,механическая,полный,Левый,Не требует ремонта,3 или более,Дубликат,Растаможен
490000,mitsubishi,emeraude,1992,150000,седан,белый,2.0,145,Бензин,автоматическая,передний,Правый,Не требует ремонта,3 или более,Оригинал,Растаможен
2950000,volkswagen,atlas,2017,42000,внедорожник 5 дв.,красный,2.0,238,Бензин,автоматическая,передний,Левый,Не требует ремонта,1 владелец,Оригинал,Растаможен
135000,toyota,paseo,1996,334000,купе,синий,1.5,90,Бензин,механическая,передний,Левый,Не требует ремонта,3 или более,Оригинал,Растаможен
390000,toyota,paseo,1998,293000,кабриолет,красный,1.5,90,Бензин,механическая,передний,Левый,Не требует ремонта,1 владелец,Оригинал,Растаможен
